2026-10-10 14:55:50,828 [INFO] === Inicio de scraping ===
2026-10-10 14:55:50,831 [INFO] Leyendo feed podcast: https://www.radionacional.com.ar/category/buenos-aires/lra-1-buenos-aires/todo-con-afecto/feed/podcast/
2026-10-10 14:55:51,443 [INFO] Feed podcast: 300 items en pagina 1
2026-10-10 14:55:51,456 [INFO]   OK Radio Nacional Argentina: 'Pena' de Carlos Ferreira
2026-10-10 14:55:51,456 [INFO]   OK Radio Nacional Argentina: 'El cuadro de Raulito' de Eduardo Sacheri
2026-10-10 14:55:51,457 [INFO]   OK Radio Nacional Argentina: 'Los traidores', de Eduardo Sacheri
2026-10-10 14:55:51,457 [INFO]   OK Radio Nacional Argentina: 'De chilena', de Eduardo Sacheri
2026-10-10 14:55:51,458 [INFO]   OK Radio Nacional Argentina: 'El álbum', de Héctor Sánchez
2026-10-10 14:55:51,459 [INFO]   OK Radio Nacional Argentina: 'Un gol asegurado' de Fernando Musa
2026-10-10 14:55:51,459 [INFO]   OK Radio Nacional Argentina: 'El Pampa' de Roberto Fontanarrosa
2026-10-10 14:55:51,460 [INFO]   OK Radio Nacional Argentina: 'Chau Mono' de Alfredo Carlino
2026-10-10 14:55:51,461 [INFO]   OK Radio Nacional Argentina: "'La risa no se jubila' ni tampoco se privatiza"
2026-10-10 14:55:51,462 [INFO]   OK Radio Nacional Argentina: 'Finito' de Guillermo Blanco
2026-10-10 14:55:51,462 [INFO]   OK Radio Nacional Argentina: 'Todo mientras Diego' de Ariel Scher
2026-10-10 14:55:51,463 [INFO]   OK Radio Nacional Argentina: 'Relatores' de Alejandro Dolina
2026-10-10 14:55:51,463 [INFO]   OK Radio Nacional Argentina: 'El último centrojás' de Juan Sasturain
2026-10-10 14:55:51,464 [INFO]   OK Radio Nacional Argentina: 'Apuntes acerca de una mala mujer' de Sergio Ranieri
2026-10-10 14:55:51,464 [INFO]   OK Radio Nacional Argentina: 'Señor Labruna' de Rodolfo Braceli
2026-10-10 14:55:51,465 [INFO]   OK Radio Nacional Argentina: 'Esperándolo a Tito' de Eduardo Sacheri
2026-10-10 14:55:51,466 [INFO]   OK Radio Nacional Argentina: 'Oración por un gol' de Vicente Gaos
2026-10-10 14:55:51,466 [INFO]   OK Radio Nacional Argentina: 'Tenemos un arquero que es una maravilla' de Eduardo Maicas
2026-10-10 14:55:51,467 [INFO]   OK Radio Nacional Argentina: "El Chango Agüero, Schopenhauer y el descenso", de Osvaldo Soriano
2026-10-10 14:55:51,467 [INFO]   OK Radio Nacional Argentina: “100 años de boxeo argentino”, el libro con las epopeyas arriba del ri
2026-10-10 14:55:51,468 [INFO]   OK Radio Nacional Argentina: "De Chilena", de Eduardo Sacheri
2026-10-10 14:55:51,468 [INFO]   OK Radio Nacional Argentina: “Creo, vieja, que tu hijo la cagó”, de Jorge Valdano
2026-10-10 14:55:51,468 [INFO]   OK Radio Nacional Argentina: "El pichón de Cristo", de Roberto Fontanarrosa
2026-10-10 14:55:51,469 [INFO]   OK Radio Nacional Argentina: “Una sonrisa exactamente así”, de Eduardo Sacheri
2026-10-10 14:55:51,469 [INFO]   OK Radio Nacional Argentina: "El hombre que murió dos veces", de Juan Villoro
2026-10-10 14:55:51,470 [INFO]   OK Radio Nacional Argentina: Jaime Muñoz Vargas habló sobre su cuento 'Transmisión diferida'
2026-10-10 14:55:51,470 [INFO]   OK Radio Nacional Argentina: "Transmisión diferida", de Jaime Muñoz Vargas
2026-10-10 14:55:51,471 [INFO]   OK Radio Nacional Argentina: "De chilena", de Eduardo Sacheri
2026-10-10 14:55:51,472 [INFO]   OK Radio Nacional Argentina: “La posibilidad sublime”, de Pablo Ramos
2026-10-10 14:55:51,472 [INFO]   OK Radio Nacional Argentina: "Viejo con árbol", de Roberto Fontanarrosa
2026-10-10 14:55:51,473 [INFO]   OK Radio Nacional Argentina: "Un trapo: Inmortal radiografía de las almas nobles" de Mario Giannott
2026-10-10 14:55:51,473 [INFO]   OK Radio Nacional Argentina: El "Pichón de Cristo" de Roberto Fontanarrosa
2026-10-10 14:55:51,474 [INFO]   OK Radio Nacional Argentina: Gustavo Vergara recordó a Roberto Perfumo y a Ángel Labruna
2026-10-10 14:55:51,474 [INFO]   OK Radio Nacional Argentina: “Inside derecho”, de Humberto
2026-10-10 14:55:51,475 [INFO]   OK Radio Nacional Argentina: "Banderín solferino", de Juan Sasturain
2026-10-10 14:55:51,476 [INFO]   OK Radio Nacional Argentina: "Todo mientras Diego", de Ariel Scher
2026-10-10 14:55:51,477 [INFO]   OK Radio Nacional Argentina: "Creo, vieja, que tu hijo la cagó", de Jorge Valdano
2026-10-10 14:55:51,478 [INFO]   OK Radio Nacional Argentina: "Cuentos de los años felices", de Osvaldo Soriano
2026-10-10 14:55:51,478 [INFO]   OK Radio Nacional Argentina: "Pura verdad", de Ángel Cappa
2026-10-10 14:55:51,479 [INFO]   OK Radio Nacional Argentina: "De chilena", de Eduardo Sacheri
2026-10-10 14:55:51,479 [INFO]   OK Radio Nacional Argentina: “Milagro en Parque Chas”, de Inés Fernández Moreno
2026-10-10 14:55:51,480 [INFO]   OK Radio Nacional Argentina: "Puntero izquierdo", de Mario Benedetti
2026-10-10 14:55:51,480 [INFO]   OK Radio Nacional Argentina: "Aventura", de Ariel Scher
2026-10-10 14:55:51,489 [INFO]   OK Radio Nacional Argentina: "El referí demasiado justo", de Alejandro Dolina
2026-10-10 14:55:51,489 [INFO]   OK Radio Nacional Argentina: "La barrera", de Roberto Fontanarrosa
2026-10-10 14:55:51,490 [INFO]   OK Radio Nacional Argentina: "Un verano italiano", de Eduardo Sacheri
2026-10-10 14:55:51,490 [INFO]   OK Radio Nacional Argentina: Ese gol, ese relato, ese recuerdo: 36 años del gol de Maradona a los i
2026-10-10 14:55:51,491 [INFO]   OK Radio Nacional Argentina: "Sin fecha de vencimiento", de Magdalena Aicega
2026-10-10 14:55:51,491 [INFO]   OK Radio Nacional Argentina: “Jugar con una Tango”, de Eduardo Sacheri
2026-10-10 14:55:51,492 [INFO]   OK Radio Nacional Argentina: "Señor Pastoriza", de Eduardo Sacheri
2026-10-10 14:55:51,492 [INFO]   OK Radio Nacional Argentina: "Fútbol", de Juan José Manauta
2026-10-10 14:55:51,493 [INFO]   OK Radio Nacional Argentina: "Romance de barrio", de Rafael Bielsa
2026-10-10 14:55:51,493 [INFO]   OK Radio Nacional Argentina: “Los últimos salileros”, de Roberto Fontanarrosa
2026-10-10 14:55:51,494 [INFO]   OK Radio Nacional Argentina: “Ambrois no llenó el álbum”, de Carlos Abin
2026-10-10 14:55:51,494 [INFO]   OK Radio Nacional Argentina: "El Patio de las Pelotas Perdidas" y "El Tipo que pasaba por ahí", dos
2026-10-10 14:55:51,495 [INFO]   OK Radio Nacional Argentina: "Fútbol", de Juan José Manauta
2026-10-10 14:55:51,496 [INFO]   OK Radio Nacional Argentina: “El príncipe idiota”, de Aldo Riera
2026-10-10 14:55:51,496 [INFO]   OK Radio Nacional Argentina: “Torito” de Julio Cortázar
2026-10-10 14:55:51,497 [INFO]   OK Radio Nacional Argentina: "Tigre, una fiera de primera" de Juan Roberto Presta
2026-10-10 14:55:51,497 [INFO]   OK Radio Nacional Argentina: "Maradona sí, Galtieri no" de Osvaldo Soriano
2026-10-10 14:55:51,498 [INFO]   OK Radio Nacional Argentina: "El arco de Noé", de Roberto Braceli
2026-10-10 14:55:51,498 [INFO]   OK Radio Nacional Argentina: “Un duende que jugaba a la pelota”, de Rodolfo Braceli
2026-10-10 14:55:51,499 [INFO]   OK Radio Nacional Argentina: “El cuadro de Raulito”, de Eduardo Sacheri
2026-10-10 14:55:51,500 [INFO]   OK Radio Nacional Argentina: "Maradona, el unicornio del fútbol", de Etin Ponce
2026-10-10 14:55:51,501 [INFO]   OK Radio Nacional Argentina: "Gol de Dostoyevski", de Ariel Scher
2026-10-10 14:55:51,503 [INFO]   OK Radio Nacional Argentina: El día que Charly García fue a ver a Maradona en su regreso a Boca
2026-10-10 14:55:51,503 [INFO]   OK Radio Nacional Argentina: “El crack”, de Augusto Roa Bastos
2026-10-10 14:55:51,504 [INFO]   OK Radio Nacional Argentina: “La máquina”, de Eduardo Galeano
2026-10-10 14:55:51,506 [INFO]   OK Radio Nacional Argentina: "Cumpleaños con historia", de Guillermo Ronnow
2026-10-10 14:55:51,507 [INFO]   OK Radio Nacional Argentina: "Un domingo de fútbol", de Mario Sábato
2026-10-10 14:55:51,507 [INFO]   OK Radio Nacional Argentina: "Insai izquierdo", de Humberto Costantini
2026-10-10 14:55:51,509 [INFO]   OK Radio Nacional Argentina: “Nueve y diez”, de Abel Antonio Ponse
2026-10-10 14:55:51,509 [INFO]   OK Radio Nacional Argentina: "La pelota me eligió a mí", de Silvio Velo
2026-10-10 14:55:51,510 [INFO]   OK Radio Nacional Argentina: "La observación de los pájaros", de Roberto Fontanarrosa
2026-10-10 14:55:51,510 [INFO]   OK Radio Nacional Argentina: “Una sonrisa exactamente así”, de Eduardo Sacheri
2026-10-10 14:55:51,511 [INFO]   OK Radio Nacional Argentina: “Último hombre”, de Eduardo Sacheri
2026-10-10 14:55:51,511 [INFO]   OK Radio Nacional Argentina: “El locutor de tanda más rápido del mundo”, de Pedro Saborido
2026-10-10 14:55:51,513 [INFO]   OK Radio Nacional Argentina: "El rulo y la muerte", de Eduardo Sacheri
2026-10-10 14:55:51,513 [INFO]   OK Radio Nacional Argentina: "Lacus vendelinus", de Roberto Fontanarrosa
2026-10-10 14:55:51,514 [INFO]   OK Radio Nacional Argentina: "La fiesta", de Tato Contissa
2026-10-10 14:55:51,514 [INFO]   OK Radio Nacional Argentina: "Muérete Ringo", de Juan José Becerra
2026-10-10 14:55:51,515 [INFO]   OK Radio Nacional Argentina: "El penal a Conigliaro", de Rafael Bielsa
2026-10-10 14:55:51,515 [INFO]   OK Radio Nacional Argentina: "El equipo de mis sueños", de Pedro Saborido
2026-10-10 14:55:51,516 [INFO]   OK Radio Nacional Argentina: "A los 27 minutos", de Rodolfo Braceli
2026-10-10 14:55:51,516 [INFO]   OK Radio Nacional Argentina: "La promesa", de Eduardo Sacheri
2026-10-10 14:55:51,517 [INFO]   OK Radio Nacional Argentina: "¿Por qué no lo sacás, Sarlanga?", de Pedro Saborido
2026-10-10 14:55:51,518 [INFO]   OK Radio Nacional Argentina: "Habilidosos y troncos", de Juan Carlos Muñiz y Raúl Fortín
2026-10-10 14:55:51,518 [INFO]   OK Radio Nacional Argentina: “Jugador de fútbol”, de Ignacio Bogino
2026-10-10 14:55:51,519 [INFO]   OK Radio Nacional Argentina: "Picado de patio", de Juan Carlos Muñiz
2026-10-10 14:55:51,520 [INFO]   OK Radio Nacional Argentina: “En paz descansa”, de Eduardo Sacheri
2026-10-10 14:55:51,520 [INFO]   OK Radio Nacional Argentina: "Señor Labruna", de Rodolfo Braceli
2026-10-10 14:55:51,521 [INFO]   OK Radio Nacional Argentina: "Los puestos ingratos", de Juan Carlos Muñiz y Raúl Fortín
2026-10-10 14:55:51,521 [INFO]   OK Radio Nacional Argentina: "El cuadrito de mi amor", de Delfina Corti
2026-10-10 14:55:51,522 [INFO]   OK Radio Nacional Argentina: La historia del periodista deportivo al que una carta le cambió la vid
2026-10-10 14:55:51,523 [INFO]   OK Radio Nacional Argentina: "Maradona, el violín del pie", de Alfredo Carlino
2026-10-10 14:55:51,523 [INFO]   OK Radio Nacional Argentina: "El álbum", de Héctor Sánchez
2026-10-10 14:55:51,524 [INFO]   OK Radio Nacional Argentina: El homenaje para Osvaldo Wehbe en el día en que hubiese cumplido 64 añ
2026-10-10 14:55:51,524 [INFO]   OK Radio Nacional Argentina: “Los últimos salileros”, de Roberto Fontanarrosa
2026-10-10 14:55:51,525 [INFO]   OK Radio Nacional Argentina: Víctor Hugo Morales, maestro del periodismo y el relato deportivo
2026-10-10 14:55:51,526 [INFO]   OK Radio Nacional Argentina: "19 de diciembre de 1971", de Roberto Fontanarrosa
2026-10-10 14:55:51,526 [INFO]   OK Radio Nacional Argentina: "El ocho era Moacyr", de Roberto Fontanarrosa
2026-10-10 14:55:51,527 [INFO]   OK Radio Nacional Argentina: "Relatores", de Alejandro Dolina
2026-10-10 14:55:51,528 [INFO]   OK Radio Nacional Argentina: "Me van a tener que disculpar", de Eduardo Sacheri
2026-10-10 14:55:51,528 [INFO]   OK Radio Nacional Argentina: Los 60 años de Diego Maradona: cuentos, mensajes y anécdotas del Diez
2026-10-10 14:55:51,530 [INFO]   OK Radio Nacional Argentina: "Aprendiz del barro", de Enrique Estrázulas
2026-10-10 14:55:51,530 [INFO]   OK Radio Nacional Argentina: "Apuntes del fútbol en Flores", de Alejandro Dolina
2026-10-10 14:55:51,531 [INFO]   OK Radio Nacional Argentina: "Todo mientras Diego", de Ariel Scher
2026-10-10 14:55:51,532 [INFO] Leyendo feed podcast: https://www.radionacional.com.ar/tag/alejandro-apo/feed/
2026-10-10 14:55:51,873 [INFO] Feed podcast: 15 items en pagina 1
2026-10-10 14:55:51,874 [INFO]   OK Radio Nacional Argentina: 'Pena' de Carlos Ferreira
2026-10-10 14:55:51,875 [INFO]   OK Radio Nacional Argentina: 'El cuadro de Raulito' de Eduardo Sacheri
2026-10-10 14:55:51,875 [INFO]   OK Radio Nacional Argentina: 'Los traidores', de Eduardo Sacheri
2026-10-10 14:55:51,876 [INFO]   OK Radio Nacional Argentina: 'De chilena', de Eduardo Sacheri
2026-10-10 14:55:51,876 [INFO]   OK Radio Nacional Argentina: 'El álbum', de Héctor Sánchez
2026-10-10 14:55:51,876 [INFO]   OK Radio Nacional Argentina: 'Un gol asegurado' de Fernando Musa
2026-10-10 14:55:51,877 [INFO]   OK Radio Nacional Argentina: 'El Pampa' de Roberto Fontanarrosa
2026-10-10 14:55:51,877 [INFO]   OK Radio Nacional Argentina: 'Chau Mono' de Alfredo Carlino
2026-10-10 14:55:51,878 [INFO]   OK Radio Nacional Argentina: 'Finito' de Guillermo Blanco
2026-10-10 14:55:51,878 [INFO] Leyendo feed podcast: https://www.radionacional.com.ar/tag/alejandro-apo/feed/?paged=2
2026-10-10 14:55:52,116 [INFO]   OK Radio Nacional Argentina: 'Todo mientras Diego' de Ariel Scher
2026-10-10 14:55:52,117 [INFO]   OK Radio Nacional Argentina: 'Relatores' de Alejandro Dolina
2026-10-10 14:55:52,118 [INFO]   OK Radio Nacional Argentina: 'El último centrojás' de Juan Sasturain
2026-10-10 14:55:52,118 [INFO]   OK Radio Nacional Argentina: 'Apuntes acerca de una mala mujer' de Sergio Ranieri
2026-10-10 14:55:52,119 [INFO]   OK Radio Nacional Argentina: 'Señor Labruna' de Rodolfo Braceli
2026-10-10 14:55:52,119 [INFO]   OK Radio Nacional Argentina: 'Esperándolo a Tito' de Eduardo Sacheri
2026-10-10 14:55:52,120 [INFO]   OK Radio Nacional Argentina: 'Oración por un gol' de Vicente Gaos
2026-10-10 14:55:52,120 [INFO]   OK Radio Nacional Argentina: 'Tenemos un arquero que es una maravilla' de Eduardo Maicas
2026-10-10 14:55:52,120 [INFO] Leyendo feed podcast: https://www.radionacional.com.ar/tag/alejandro-apo/feed/?paged=3
2026-10-10 14:55:52,537 [INFO]   OK Radio Nacional Argentina: "El Chango Agüero, Schopenhauer y el descenso", de Osvaldo Soriano
2026-10-10 14:55:52,538 [INFO]   OK Radio Nacional Argentina: "De Chilena", de Eduardo Sacheri
2026-10-10 14:55:52,538 [INFO]   OK Radio Nacional Argentina: “Creo, vieja, que tu hijo la cagó”, de Jorge Valdano
2026-10-10 14:55:52,539 [INFO]   OK Radio Nacional Argentina: "El pichón de Cristo", de Roberto Fontanarrosa
2026-10-10 14:55:52,539 [INFO]   OK Radio Nacional Argentina: “Una sonrisa exactamente así”, de Eduardo Sacheri
2026-10-10 14:55:52,540 [INFO]   OK Radio Nacional Argentina: "El hombre que murió dos veces", de Juan Villoro
2026-10-10 14:55:52,540 [INFO]   OK Radio Nacional Argentina: Jaime Muñoz Vargas habló sobre su cuento 'Transmisión diferida'
2026-10-10 14:55:52,540 [INFO]   OK Radio Nacional Argentina: "Transmisión diferida", de Jaime Muñoz Vargas
2026-10-10 14:55:52,541 [INFO] Leyendo feed podcast: https://www.radionacional.com.ar/tag/alejandro-apo/feed/?paged=4
2026-10-10 14:55:52,860 [INFO]   OK Radio Nacional Argentina: "De chilena", de Eduardo Sacheri
2026-10-10 14:55:52,860 [INFO]   OK Radio Nacional Argentina: “La posibilidad sublime”, de Pablo Ramos
2026-10-10 14:55:52,861 [INFO]   OK Radio Nacional Argentina: "Viejo con árbol", de Roberto Fontanarrosa
2026-10-10 14:55:52,862 [INFO]   OK Radio Nacional Argentina: "Un trapo: Inmortal radiografía de las almas nobles" de Mario Giannott
2026-10-10 14:55:52,862 [INFO]   OK Radio Nacional Argentina: El "Pichón de Cristo" de Roberto Fontanarrosa
2026-10-10 14:55:52,862 [INFO] Leyendo feed podcast: https://www.radionacional.com.ar/tag/alejandro-apo/feed/?paged=5
2026-10-10 14:55:53,145 [INFO]   OK Radio Nacional Argentina: “Inside derecho”, de Humberto
2026-10-10 14:55:53,146 [INFO]   OK Radio Nacional Argentina: "Banderín solferino", de Juan Sasturain
2026-10-10 14:55:53,147 [INFO] Leyendo feed podcast: https://www.radionacional.com.ar/tag/alejandro-apo/feed/?paged=6
2026-10-10 14:55:53,359 [INFO]   OK Radio Nacional Argentina: "Todo mientras Diego", de Ariel Scher
2026-10-10 14:55:53,360 [INFO]   OK Radio Nacional Argentina: "Creo, vieja, que tu hijo la cagó", de Jorge Valdano
2026-10-10 14:55:53,361 [INFO]   OK Radio Nacional Argentina: "Cuentos de los años felices", de Osvaldo Soriano
2026-10-10 14:55:53,362 [INFO]   OK Radio Nacional Argentina: "Pura verdad", de Ángel Cappa
2026-10-10 14:55:53,362 [INFO]   OK Radio Nacional Argentina: "De chilena", de Eduardo Sacheri
2026-10-10 14:55:53,362 [INFO] Leyendo feed podcast: https://www.radionacional.com.ar/tag/alejandro-apo/feed/?paged=7
2026-10-10 14:55:53,676 [INFO]   OK Radio Nacional Argentina: “Milagro en Parque Chas”, de Inés Fernández Moreno
2026-10-10 14:55:53,677 [INFO]   OK Radio Nacional Argentina: "Aventura", de Ariel Scher
2026-10-10 14:55:53,677 [INFO]   OK Radio Nacional Argentina: "El referí demasiado justo", de Alejandro Dolina
2026-10-10 14:55:53,678 [INFO]   OK Radio Nacional Argentina: "La barrera", de Roberto Fontanarrosa
2026-10-10 14:55:53,678 [INFO]   OK Radio Nacional Argentina: "Un verano italiano", de Eduardo Sacheri
2026-10-10 14:55:53,678 [INFO]   OK Radio Nacional Argentina: "Sin fecha de vencimiento", de Magdalena Aicega
2026-10-10 14:55:53,679 [INFO]   OK Radio Nacional Argentina: “Jugar con una Tango”, de Eduardo Sacheri
2026-10-10 14:55:53,679 [INFO] Leyendo feed podcast: https://www.radionacional.com.ar/tag/alejandro-apo/feed/?paged=8
2026-10-10 14:55:53,950 [INFO]   OK Radio Nacional Argentina: "Señor Pastoriza", de Eduardo Sacheri
2026-10-10 14:55:53,950 [INFO]   OK Radio Nacional Argentina: "Fútbol", de Juan José Manauta
2026-10-10 14:55:53,950 [INFO]   OK Radio Nacional Argentina: "Romance de barrio", de Rafael Bielsa
2026-10-10 14:55:53,951 [INFO]   OK Radio Nacional Argentina: “Los últimos salileros”, de Roberto Fontanarrosa
2026-10-10 14:55:53,951 [INFO]   OK Radio Nacional Argentina: “Ambrois no llenó el álbum”, de Carlos Abin
2026-10-10 14:55:53,952 [INFO]   OK Radio Nacional Argentina: “El príncipe idiota”, de Aldo Riera
2026-10-10 14:55:53,953 [INFO] Leyendo feed podcast: https://www.radionacional.com.ar/tag/alejandro-apo/feed/?paged=9
2026-10-10 14:55:54,254 [INFO]   OK Radio Nacional Argentina: “Torito” de Julio Cortázar
2026-10-10 14:55:54,255 [INFO]   OK Radio Nacional Argentina: "Tigre, una fiera de primera" de Juan Roberto Presta
2026-10-10 14:55:54,255 [INFO]   OK Radio Nacional Argentina: "Maradona sí, Galtieri no" de Osvaldo Soriano
2026-10-10 14:55:54,255 [INFO]   OK Radio Nacional Argentina: "El arco de Noé", de Roberto Braceli
2026-10-10 14:55:54,256 [INFO]   OK Radio Nacional Argentina: “Un duende que jugaba a la pelota”, de Rodolfo Braceli
2026-10-10 14:55:54,257 [INFO]   OK Radio Nacional Argentina: “El cuadro de Raulito”, de Eduardo Sacheri
2026-10-10 14:55:54,257 [INFO] Leyendo feed podcast: https://www.radionacional.com.ar/tag/alejandro-apo/feed/?paged=10
2026-10-10 14:55:54,540 [INFO]   OK Radio Nacional Argentina: "Maradona, el unicornio del fútbol", de Etin Ponce
2026-10-10 14:55:54,541 [INFO]   OK Radio Nacional Argentina: "Gol de Dostoyevski", de Ariel Scher
2026-10-10 14:55:54,542 [INFO] Leyendo feed podcast: https://www.radionacional.com.ar/tag/alejandro-apo/feed/?paged=11
2026-10-10 14:55:54,887 [INFO]   OK Radio Nacional Argentina: “El crack”, de Augusto Roa Bastos
2026-10-10 14:55:54,887 [INFO]   OK Radio Nacional Argentina: “La máquina”, de Eduardo Galeano
2026-10-10 14:55:54,887 [INFO] Leyendo feed podcast: https://www.radionacional.com.ar/tag/alejandro-apo/feed/?paged=12
2026-10-10 14:55:55,204 [INFO]   OK Radio Nacional Argentina: "Cumpleaños con historia", de Guillermo Ronnow
2026-10-10 14:55:55,205 [INFO] Leyendo feed podcast: https://www.radionacional.com.ar/tag/alejandro-apo/feed/?paged=13
2026-10-10 14:55:55,546 [INFO]   OK Radio Nacional Argentina: "Un domingo de fútbol", de Mario Sábato
2026-10-10 14:55:55,546 [INFO]   OK Radio Nacional Argentina: "Insai izquierdo", de Humberto Costantini
2026-10-10 14:55:55,547 [INFO]   OK Radio Nacional Argentina: “Nueve y diez”, de Abel Antonio Ponse
2026-10-10 14:55:55,548 [INFO]   OK Radio Nacional Argentina: "La pelota me eligió a mí", de Silvio Velo
2026-10-10 14:55:55,548 [INFO]   OK Radio Nacional Argentina: "La observación de los pájaros", de Roberto Fontanarrosa
2026-10-10 14:55:55,548 [INFO]   OK Radio Nacional Argentina: “Una sonrisa exactamente así”, de Eduardo Sacheri
2026-10-10 14:55:55,548 [INFO] Leyendo feed podcast: https://www.radionacional.com.ar/tag/alejandro-apo/feed/?paged=14
2026-10-10 14:55:55,771 [INFO]   OK Radio Nacional Argentina: "Fue una enorme victoria de la Selección Argentina”
2026-10-10 14:55:55,772 [INFO]   OK Radio Nacional Argentina: “Último hombre”, de Eduardo Sacheri
2026-10-10 14:55:55,772 [INFO]   OK Radio Nacional Argentina: “El locutor de tanda más rápido del mundo”, de Pedro Saborido
2026-10-10 14:55:55,773 [INFO] Leyendo feed podcast: https://www.radionacional.com.ar/tag/alejandro-apo/feed/?paged=15
2026-10-10 14:55:56,054 [INFO]   OK Radio Nacional Argentina: "El rulo y la muerte", de Eduardo Sacheri
2026-10-10 14:55:56,055 [INFO]   OK Radio Nacional Argentina: "Lacus vendelinus", de Roberto Fontanarrosa
2026-10-10 14:55:56,055 [INFO]   OK Radio Nacional Argentina: "La fiesta", de Tato Contissa
2026-10-10 14:55:56,056 [INFO]   OK Radio Nacional Argentina: "Muérete Ringo", de Juan José Becerra
2026-10-10 14:55:56,056 [INFO]   OK Radio Nacional Argentina: "El penal a Conigliaro", de Rafael Bielsa
2026-10-10 14:55:56,057 [INFO]   OK Radio Nacional Argentina: "El equipo de mis sueños", de Pedro Saborido
2026-10-10 14:55:56,057 [INFO]   OK Radio Nacional Argentina: "A los 27 minutos", de Rodolfo Braceli
2026-10-10 14:55:56,058 [INFO] Leyendo playlist YouTube: Alejandro Apo, El Cuento de la tarde
2026-10-10 14:55:56,337 [INFO] Playlist 'Alejandro Apo, El Cuento de la tarde': 15 videos
2026-10-10 14:55:57,473 [WARNING] yt-dlp fallo para https://www.youtube.com/watch?v=gaEbhBHUMf0: ERROR: [youtube] gaEbhBHUMf0: Sign in to confirm you’re not a bot. Use --cookies-from-browser or --c
2026-10-10 14:55:58,239 [WARNING] yt-dlp fallo para https://www.youtube.com/watch?v=k1meeu1z0a4: ERROR: [youtube] k1meeu1z0a4: Sign in to confirm you’re not a bot. Use --cookies-from-browser or --c
2026-10-10 14:55:58,923 [WARNING] yt-dlp fallo para https://www.youtube.com/watch?v=WbUqsE23KZ8: ERROR: [youtube] WbUqsE23KZ8: Sign in to confirm you’re not a bot. Use --cookies-from-browser or --c
2026-10-10 14:55:59,782 [WARNING] yt-dlp fallo para https://www.youtube.com/watch?v=LYPE9BW6Io8: ERROR: [youtube] LYPE9BW6Io8: Sign in to confirm you’re not a bot. Use --cookies-from-browser or --c
2026-10-10 14:56:00,656 [WARNING] yt-dlp fallo para https://www.youtube.com/watch?v=0pjfKeh8n6g: ERROR: [youtube] 0pjfKeh8n6g: Sign in to confirm you’re not a bot. Use --cookies-from-browser or --c
2026-10-10 14:56:01,614 [WARNING] yt-dlp fallo para https://www.youtube.com/watch?v=78Nvtqvr95Q: ERROR: [youtube] 78Nvtqvr95Q: Sign in to confirm you’re not a bot. Use --cookies-from-browser or --c
2026-10-10 14:56:02,566 [WARNING] yt-dlp fallo para https://www.youtube.com/watch?v=JJZKamFL1JE: ERROR: [youtube] JJZKamFL1JE: Sign in to confirm you’re not a bot. Use --cookies-from-browser or --c
2026-10-10 14:56:03,371 [WARNING] yt-dlp fallo para https://www.youtube.com/watch?v=lY1Vy4E7BbQ: ERROR: [youtube] lY1Vy4E7BbQ: Sign in to confirm you’re not a bot. Use --cookies-from-browser or --c
2026-10-10 14:56:04,305 [WARNING] yt-dlp fallo para https://www.youtube.com/watch?v=xYkt6uvb1eQ: ERROR: [youtube] xYkt6uvb1eQ: Sign in to confirm you’re not a bot. Use --cookies-from-browser or --c
2026-10-10 14:56:05,411 [WARNING] yt-dlp fallo para https://www.youtube.com/watch?v=BJiYFKNzP44: ERROR: [youtube] BJiYFKNzP44: Sign in to confirm you’re not a bot. Use --cookies-from-browser or --c
2026-10-10 14:56:06,163 [WARNING] yt-dlp fallo para https://www.youtube.com/watch?v=CzcRgu0q6HI: ERROR: [youtube] CzcRgu0q6HI: Sign in to confirm you’re not a bot. Use --cookies-from-browser or --c
2026-10-10 14:56:07,094 [WARNING] yt-dlp fallo para https://www.youtube.com/watch?v=tKQmz-XAIwg: ERROR: [youtube] tKQmz-XAIwg: Sign in to confirm you’re not a bot. Use --cookies-from-browser or --c
2026-10-10 14:56:07,931 [WARNING] yt-dlp fallo para https://www.youtube.com/watch?v=G6r9NVd-bLI: ERROR: [youtube] G6r9NVd-bLI: Sign in to confirm you’re not a bot. Use --cookies-from-browser or --c
2026-10-10 14:56:08,915 [WARNING] yt-dlp fallo para https://www.youtube.com/watch?v=8a3TvD7-1iI: ERROR: [youtube] 8a3TvD7-1iI: Sign in to confirm you’re not a bot. Use --cookies-from-browser or --c
2026-10-10 14:56:09,808 [WARNING] yt-dlp fallo para https://www.youtube.com/watch?v=PFcj4j50rQ8: ERROR: [youtube] PFcj4j50rQ8: Sign in to confirm you’re not a bot. Use --cookies-from-browser or --c
2026-10-10 14:56:09,809 [INFO] Leyendo playlist YouTube: Y el fútbol contó un cuento
2026-10-10 14:56:10,098 [INFO] Playlist 'Y el fútbol contó un cuento': 14 videos
2026-10-10 14:56:11,145 [WARNING] yt-dlp fallo para https://www.youtube.com/watch?v=FIL3K-2Ocgg: ERROR: [youtube] FIL3K-2Ocgg: Sign in to confirm you’re not a bot. Use --cookies-from-browser or --c
2026-10-10 14:56:12,101 [WARNING] yt-dlp fallo para https://www.youtube.com/watch?v=hQ8fJONJAHg: ERROR: [youtube] hQ8fJONJAHg: Sign in to confirm you’re not a bot. Use --cookies-from-browser or --c
2026-10-10 14:56:12,941 [WARNING] yt-dlp fallo para https://www.youtube.com/watch?v=yMTH_WAjC1o: ERROR: [youtube] yMTH_WAjC1o: Sign in to confirm you’re not a bot. Use --cookies-from-browser or --c
2026-10-10 14:56:13,882 [WARNING] yt-dlp fallo para https://www.youtube.com/watch?v=duC0gfHAg8I: ERROR: [youtube] duC0gfHAg8I: Sign in to confirm you’re not a bot. Use --cookies-from-browser or --c
2026-10-10 14:56:13,883 [INFO] Leyendo playlist YouTube: Cuentos por Alejandro Apo
2026-10-10 14:56:14,165 [INFO] Playlist 'Cuentos por Alejandro Apo': 9 videos
2026-10-10 14:56:14,997 [WARNING] yt-dlp fallo para https://www.youtube.com/watch?v=bycCMb_YzSo: ERROR: [youtube] bycCMb_YzSo: Sign in to confirm you’re not a bot. Use --cookies-from-browser or --c
2026-10-10 14:56:15,896 [WARNING] yt-dlp fallo para https://www.youtube.com/watch?v=ehoHrcckOnU: ERROR: [youtube] ehoHrcckOnU: Sign in to confirm you’re not a bot. Use --cookies-from-browser or --c
2026-10-10 14:56:16,668 [WARNING] yt-dlp fallo para https://www.youtube.com/watch?v=bXxy8qY3sTo: ERROR: [youtube] bXxy8qY3sTo: Sign in to confirm you’re not a bot. Use --cookies-from-browser or --c
2026-10-10 14:56:17,722 [WARNING] yt-dlp fallo para https://www.youtube.com/watch?v=abzH50ySdVU: ERROR: [youtube] abzH50ySdVU: Sign in to confirm you’re not a bot. Use --cookies-from-browser or --c
2026-10-10 14:56:18,535 [WARNING] yt-dlp fallo para https://www.youtube.com/watch?v=-iW2MppTP38: ERROR: [youtube] -iW2MppTP38: Sign in to confirm you’re not a bot. Use --cookies-from-browser or --c
2026-10-10 14:56:19,324 [WARNING] yt-dlp fallo para https://www.youtube.com/watch?v=YmDQTmbc_CU: ERROR: [youtube] YmDQTmbc_CU: Sign in to confirm you’re not a bot. Use --cookies-from-browser or --c
2026-10-10 14:56:20,204 [WARNING] yt-dlp fallo para https://www.youtube.com/watch?v=LnDqqWq87dg: ERROR: [youtube] LnDqqWq87dg: Sign in to confirm you’re not a bot. Use --cookies-from-browser or --c
2026-10-10 14:56:21,172 [WARNING] yt-dlp fallo para https://www.youtube.com/watch?v=yRKJL3_fBOc: ERROR: [youtube] yRKJL3_fBOc: Sign in to confirm you’re not a bot. Use --cookies-from-browser or --c
2026-10-10 14:56:21,940 [WARNING] yt-dlp fallo para https://www.youtube.com/watch?v=yAwpkey_D3A: ERROR: [youtube] yAwpkey_D3A: Sign in to confirm you’re not a bot. Use --cookies-from-browser or --c
2026-10-10 14:56:21,941 [INFO] Leyendo playlist YouTube: Fontanarrosa por Apo
2026-10-10 14:56:22,125 [INFO] Playlist 'Fontanarrosa por Apo': 15 videos
2026-10-10 14:56:22,931 [WARNING] yt-dlp fallo para https://www.youtube.com/watch?v=ub3uqVoeZyw: ERROR: [youtube] ub3uqVoeZyw: Sign in to confirm you’re not a bot. Use --cookies-from-browser or --c
2026-10-10 14:56:23,801 [WARNING] yt-dlp fallo para https://www.youtube.com/watch?v=e4SZxvj0Dxo: ERROR: [youtube] e4SZxvj0Dxo: Sign in to confirm you’re not a bot. Use --cookies-from-browser or --c
2026-10-10 14:56:24,557 [WARNING] yt-dlp fallo para https://www.youtube.com/watch?v=wFNPRByyIP0: ERROR: [youtube] wFNPRByyIP0: Sign in to confirm you’re not a bot. Use --cookies-from-browser or --c
2026-10-10 14:56:25,382 [WARNING] yt-dlp fallo para https://www.youtube.com/watch?v=w9zRJqT_RPc: ERROR: [youtube] w9zRJqT_RPc: Sign in to confirm you’re not a bot. Use --cookies-from-browser or --c
2026-10-10 14:56:26,259 [WARNING] yt-dlp fallo para https://www.youtube.com/watch?v=q3234agBqys: ERROR: [youtube] q3234agBqys: Sign in to confirm you’re not a bot. Use --cookies-from-browser or --c
2026-10-10 14:56:27,038 [WARNING] yt-dlp fallo para https://www.youtube.com/watch?v=4cde1P6uNX0: ERROR: [youtube] 4cde1P6uNX0: Sign in to confirm you’re not a bot. Use --cookies-from-browser or --c
2026-10-10 14:56:27,924 [WARNING] yt-dlp fallo para https://www.youtube.com/watch?v=dQp6iXK9vqY: ERROR: [youtube] dQp6iXK9vqY: Sign in to confirm you’re not a bot. Use --cookies-from-browser or --c
2026-10-10 14:56:28,723 [WARNING] yt-dlp fallo para https://www.youtube.com/watch?v=hJWkMItIcfY: ERROR: [youtube] hJWkMItIcfY: Sign in to confirm you’re not a bot. Use --cookies-from-browser or --c
2026-10-10 14:56:29,473 [WARNING] yt-dlp fallo para https://www.youtube.com/watch?v=lY1Vy4E7BbQ: ERROR: [youtube] lY1Vy4E7BbQ: Sign in to confirm you’re not a bot. Use --cookies-from-browser or --c
2026-10-10 14:56:30,341 [WARNING] yt-dlp fallo para https://www.youtube.com/watch?v=F2l4V9huzLs: ERROR: [youtube] F2l4V9huzLs: Sign in to confirm you’re not a bot. Use --cookies-from-browser or --c
2026-10-10 14:56:31,255 [WARNING] yt-dlp fallo para https://www.youtube.com/watch?v=CwZlKDsoZF0: ERROR: [youtube] CwZlKDsoZF0: Sign in to confirm you’re not a bot. Use --cookies-from-browser or --c
2026-10-10 14:56:32,187 [WARNING] yt-dlp fallo para https://www.youtube.com/watch?v=-kUT-z3VNFE: ERROR: [youtube] -kUT-z3VNFE: Sign in to confirm you’re not a bot. Use --cookies-from-browser or --c
2026-10-10 14:56:32,188 [INFO] Leyendo playlist YouTube: Todo con Afecto - Cuentos de fútbol
2026-10-10 14:56:32,498 [INFO] Playlist 'Todo con Afecto - Cuentos de fútbol': 15 videos
2026-10-10 14:56:33,448 [WARNING] yt-dlp fallo para https://www.youtube.com/watch?v=hQ8fJONJAHg: ERROR: [youtube] hQ8fJONJAHg: Sign in to confirm you’re not a bot. Use --cookies-from-browser or --c
2026-10-10 14:56:34,349 [WARNING] yt-dlp fallo para https://www.youtube.com/watch?v=NJS8QVMOU_4: ERROR: [youtube] NJS8QVMOU_4: Sign in to confirm you’re not a bot. Use --cookies-from-browser or --c
2026-10-10 14:56:35,095 [WARNING] yt-dlp fallo para https://www.youtube.com/watch?v=jFJiApVHzgo: ERROR: [youtube] jFJiApVHzgo: Sign in to confirm you’re not a bot. Use --cookies-from-browser or --c
2026-10-10 14:56:35,096 [INFO] Leyendo playlist YouTube: Todo con afecto (Apo)
2026-10-10 14:56:35,280 [INFO] Playlist 'Todo con afecto (Apo)': 15 videos
2026-10-10 14:56:36,263 [WARNING] yt-dlp fallo para https://www.youtube.com/watch?v=Ny9cCzS9vz8: ERROR: [youtube] Ny9cCzS9vz8: Sign in to confirm you’re not a bot. Use --cookies-from-browser or --c
2026-10-10 14:56:37,191 [WARNING] yt-dlp fallo para https://www.youtube.com/watch?v=QVM3_-Nxfeo: ERROR: [youtube] QVM3_-Nxfeo: Sign in to confirm you’re not a bot. Use --cookies-from-browser or --c
2026-10-10 14:56:37,192 [INFO] Leyendo playlist YouTube: Cuentos y Relatos
2026-10-10 14:56:37,360 [INFO] Playlist 'Cuentos y Relatos': 10 videos
2026-10-10 14:56:38,257 [WARNING] yt-dlp fallo para https://www.youtube.com/watch?v=7QqqYEazHRM: ERROR: [youtube] 7QqqYEazHRM: Sign in to confirm you’re not a bot. Use --cookies-from-browser or --c
2026-10-10 14:56:39,130 [WARNING] yt-dlp fallo para https://www.youtube.com/watch?v=kiYnley9O4A: ERROR: [youtube] kiYnley9O4A: Sign in to confirm you’re not a bot. Use --cookies-from-browser or --c
2026-10-10 14:56:40,015 [WARNING] yt-dlp fallo para https://www.youtube.com/watch?v=jL6wqADswdg: ERROR: [youtube] jL6wqADswdg: Sign in to confirm you’re not a bot. Use --cookies-from-browser or --c
2026-10-10 14:56:40,016 [INFO] Leyendo playlist YouTube: Cuentos (varios)
2026-10-10 14:56:40,246 [INFO] Playlist 'Cuentos (varios)': 15 videos
2026-10-10 14:56:41,105 [WARNING] yt-dlp fallo para https://www.youtube.com/watch?v=M_0EdJyECVw: ERROR: [youtube] M_0EdJyECVw: Sign in to confirm you’re not a bot. Use --cookies-from-browser or --c
2026-10-10 14:56:42,095 [WARNING] yt-dlp fallo para https://www.youtube.com/watch?v=FIL3K-2Ocgg: ERROR: [youtube] FIL3K-2Ocgg: Sign in to confirm you’re not a bot. Use --cookies-from-browser or --c
2026-10-10 14:56:43,086 [WARNING] yt-dlp fallo para https://www.youtube.com/watch?v=Bxrp2D5LUzA: ERROR: [youtube] Bxrp2D5LUzA: Sign in to confirm you’re not a bot. Use --cookies-from-browser or --c
2026-10-10 14:56:43,986 [WARNING] yt-dlp fallo para https://www.youtube.com/watch?v=QVM3_-Nxfeo: ERROR: [youtube] QVM3_-Nxfeo: Sign in to confirm you’re not a bot. Use --cookies-from-browser or --c
2026-10-10 14:56:44,880 [WARNING] yt-dlp fallo para https://www.youtube.com/watch?v=0TVVniMrf-g: ERROR: [youtube] 0TVVniMrf-g: Sign in to confirm you’re not a bot. Use --cookies-from-browser or --c
2026-10-10 14:56:44,881 [INFO] Leyendo playlist YouTube: Textos: Cuentos y Poemas
2026-10-10 14:56:45,144 [INFO] Playlist 'Textos: Cuentos y Poemas': 14 videos
2026-10-10 14:56:45,960 [WARNING] yt-dlp fallo para https://www.youtube.com/watch?v=Cou9C5vmHGU: ERROR: [youtube] Cou9C5vmHGU: Sign in to confirm you’re not a bot. Use --cookies-from-browser or --c
2026-10-10 14:56:46,931 [WARNING] yt-dlp fallo para https://www.youtube.com/watch?v=MXxtP8LqXk4: ERROR: [youtube] MXxtP8LqXk4: Sign in to confirm you’re not a bot. Use --cookies-from-browser or --c
2026-10-10 14:56:47,845 [WARNING] yt-dlp fallo para https://www.youtube.com/watch?v=e17jgZw8H7M: ERROR: [youtube] e17jgZw8H7M: Sign in to confirm you’re not a bot. Use --cookies-from-browser or --c
2026-10-10 14:56:48,757 [WARNING] yt-dlp fallo para https://www.youtube.com/watch?v=8XE9pljTt48: ERROR: [youtube] 8XE9pljTt48: Sign in to confirm you’re not a bot. Use --cookies-from-browser or --c
2026-10-10 14:56:49,673 [WARNING] yt-dlp fallo para https://www.youtube.com/watch?v=kZ_UZAkHW3c: ERROR: [youtube] kZ_UZAkHW3c: Sign in to confirm you’re not a bot. Use --cookies-from-browser or --c
2026-10-10 14:56:50,476 [WARNING] yt-dlp fallo para https://www.youtube.com/watch?v=R_UxOaEBEcg: ERROR: [youtube] R_UxOaEBEcg: Sign in to confirm you’re not a bot. Use --cookies-from-browser or --c
2026-10-10 14:56:51,315 [WARNING] yt-dlp fallo para https://www.youtube.com/watch?v=YJpIDxLw9-I: ERROR: [youtube] YJpIDxLw9-I: Sign in to confirm you’re not a bot. Use --cookies-from-browser or --c
2026-10-10 14:56:52,189 [WARNING] yt-dlp fallo para https://www.youtube.com/watch?v=xi1CB2OTZaw: ERROR: [youtube] xi1CB2OTZaw: Sign in to confirm you’re not a bot. Use --cookies-from-browser or --c
2026-10-10 14:56:52,993 [WARNING] yt-dlp fallo para https://www.youtube.com/watch?v=r8_gA1IWxMc: ERROR: [youtube] r8_gA1IWxMc: Sign in to confirm you’re not a bot. Use --cookies-from-browser or --c
2026-10-10 14:56:53,865 [WARNING] yt-dlp fallo para https://www.youtube.com/watch?v=KX38vBkmfRI: ERROR: [youtube] KX38vBkmfRI: Sign in to confirm you’re not a bot. Use --cookies-from-browser or --c
2026-10-10 14:56:54,587 [WARNING] yt-dlp fallo para https://www.youtube.com/watch?v=E6QTQZRsqMo: ERROR: [youtube] E6QTQZRsqMo: Sign in to confirm you’re not a bot. Use --cookies-from-browser or --c
2026-10-10 14:56:55,528 [WARNING] yt-dlp fallo para https://www.youtube.com/watch?v=Iu_DCCZSHV0: ERROR: [youtube] Iu_DCCZSHV0: Sign in to confirm you’re not a bot. Use --cookies-from-browser or --c
2026-10-10 14:56:56,398 [WARNING] yt-dlp fallo para https://www.youtube.com/watch?v=8FBfc35b2Y0: ERROR: [youtube] 8FBfc35b2Y0: Sign in to confirm you’re not a bot. Use --cookies-from-browser or --c
2026-10-10 14:56:56,399 [INFO] Leyendo playlist YouTube: Un cuento de futbol
2026-10-10 14:56:56,587 [INFO] Playlist 'Un cuento de futbol': 11 videos
2026-10-10 14:56:57,693 [WARNING] yt-dlp fallo para https://www.youtube.com/watch?v=eXJosTyATJs: ERROR: [youtube] eXJosTyATJs: Sign in to confirm you’re not a bot. Use --cookies-from-browser or --c
2026-10-10 14:56:58,371 [WARNING] yt-dlp fallo para https://www.youtube.com/watch?v=nodafYzlARI: ERROR: [youtube] nodafYzlARI: Sign in to confirm you’re not a bot. Use --cookies-from-browser or --c
2026-10-10 14:56:59,214 [WARNING] yt-dlp fallo para https://www.youtube.com/watch?v=CtwZspEBYKg: ERROR: [youtube] CtwZspEBYKg: Sign in to confirm you’re not a bot. Use --cookies-from-browser or --c
2026-10-10 14:57:00,465 [WARNING] yt-dlp fallo para https://www.youtube.com/watch?v=GE1mlWw6LlA: ERROR: [youtube] GE1mlWw6LlA: Sign in to confirm you’re not a bot. Use --cookies-from-browser or --c
2026-10-10 14:57:01,226 [WARNING] yt-dlp fallo para https://www.youtube.com/watch?v=gAjsFsqm0lc: ERROR: [youtube] gAjsFsqm0lc: Sign in to confirm you’re not a bot. Use --cookies-from-browser or --c
2026-10-10 14:57:02,240 [WARNING] yt-dlp fallo para https://www.youtube.com/watch?v=QILahHfDRPA: ERROR: [youtube] QILahHfDRPA: Sign in to confirm you’re not a bot. Use --cookies-from-browser or --c
2026-10-10 14:57:03,182 [WARNING] yt-dlp fallo para https://www.youtube.com/watch?v=W4EM9aPPTJw: ERROR: [youtube] W4EM9aPPTJw: Sign in to confirm you’re not a bot. Use --cookies-from-browser or --c
2026-10-10 14:57:04,360 [WARNING] yt-dlp fallo para https://www.youtube.com/watch?v=tTpTByPVPIg: ERROR: [youtube] tTpTByPVPIg: Sign in to confirm you’re not a bot. Use --cookies-from-browser or --c
2026-10-10 14:57:05,309 [WARNING] yt-dlp fallo para https://www.youtube.com/watch?v=jL6wqADswdg: ERROR: [youtube] jL6wqADswdg: Sign in to confirm you’re not a bot. Use --cookies-from-browser or --c
2026-10-10 14:57:06,177 [WARNING] yt-dlp fallo para https://www.youtube.com/watch?v=2kXpijwp4aw: ERROR: [youtube] 2kXpijwp4aw: Sign in to confirm you’re not a bot. Use --cookies-from-browser or --c
2026-10-10 14:57:06,873 [WARNING] yt-dlp fallo para https://www.youtube.com/watch?v=rnvOaTa-EA4: ERROR: [youtube] rnvOaTa-EA4: Sign in to confirm you’re not a bot. Use --cookies-from-browser or --c
2026-10-10 14:57:06,873 [INFO] Leyendo playlist YouTube: Detrás de la Red - Cuentos de Fútbol
2026-10-10 14:57:07,135 [INFO] Playlist 'Detrás de la Red - Cuentos de Fútbol': 8 videos
2026-10-10 14:57:08,049 [WARNING] yt-dlp fallo para https://www.youtube.com/watch?v=xwfh4Q90P_E: ERROR: [youtube] xwfh4Q90P_E: Sign in to confirm you’re not a bot. Use --cookies-from-browser or --c
2026-10-10 14:57:08,956 [WARNING] yt-dlp fallo para https://www.youtube.com/watch?v=eAqEl_0kYts: ERROR: [youtube] eAqEl_0kYts: Sign in to confirm you’re not a bot. Use --cookies-from-browser or --c
2026-10-10 14:57:09,898 [WARNING] yt-dlp fallo para https://www.youtube.com/watch?v=iFYbas_kaKE: ERROR: [youtube] iFYbas_kaKE: Sign in to confirm you’re not a bot. Use --cookies-from-browser or --c
2026-10-10 14:57:11,031 [WARNING] yt-dlp fallo para https://www.youtube.com/watch?v=cnYvVPMFaII: ERROR: [youtube] cnYvVPMFaII: Sign in to confirm you’re not a bot. Use --cookies-from-browser or --c
2026-10-10 14:57:11,810 [WARNING] yt-dlp fallo para https://www.youtube.com/watch?v=p5gWI-gZiUA: ERROR: [youtube] p5gWI-gZiUA: Sign in to confirm you’re not a bot. Use --cookies-from-browser or --c
2026-10-10 14:57:12,699 [WARNING] yt-dlp fallo para https://www.youtube.com/watch?v=7gqxuNbNFsA: ERROR: [youtube] 7gqxuNbNFsA: Sign in to confirm you’re not a bot. Use --cookies-from-browser or --c
2026-10-10 14:57:13,758 [WARNING] yt-dlp fallo para https://www.youtube.com/watch?v=VxLafleHsZA: ERROR: [youtube] VxLafleHsZA: Sign in to confirm you’re not a bot. Use --cookies-from-browser or --c
2026-10-10 14:57:14,832 [WARNING] yt-dlp fallo para https://www.youtube.com/watch?v=Z0YD-CnX-FQ: ERROR: [youtube] Z0YD-CnX-FQ: Sign in to confirm you’re not a bot. Use --cookies-from-browser or --c
2026-10-10 14:57:14,833 [INFO] Leyendo playlist YouTube: Alejandro Apo y Futbol
2026-10-10 14:57:15,080 [INFO] Playlist 'Alejandro Apo y Futbol': 9 videos
2026-10-10 14:57:15,880 [WARNING] yt-dlp fallo para https://www.youtube.com/watch?v=Eh7bLf1P4io: ERROR: [youtube] Eh7bLf1P4io: Sign in to confirm you’re not a bot. Use --cookies-from-browser or --c
2026-10-10 14:57:15,881 [INFO] Leyendo playlist YouTube: ALEJANDRO APO
2026-10-10 14:57:16,121 [INFO] Playlist 'ALEJANDRO APO': 12 videos
2026-10-10 14:57:17,021 [WARNING] yt-dlp fallo para https://www.youtube.com/shorts/pLzjZw9fU_8: ERROR: [youtube] pLzjZw9fU_8: Sign in to confirm you’re not a bot. Use --cookies-from-browser or --c
2026-10-10 14:57:17,945 [WARNING] yt-dlp fallo para https://www.youtube.com/shorts/uwB_8mIdxcQ: ERROR: [youtube] uwB_8mIdxcQ: Sign in to confirm you’re not a bot. Use --cookies-from-browser or --c
2026-10-10 14:57:19,106 [WARNING] yt-dlp fallo para https://www.youtube.com/shorts/90SzfmbTdT4: ERROR: [youtube] 90SzfmbTdT4: Sign in to confirm you’re not a bot. Use --cookies-from-browser or --c
2026-10-10 14:57:20,013 [WARNING] yt-dlp fallo para https://www.youtube.com/shorts/7MuSTUp81WU: ERROR: [youtube] 7MuSTUp81WU: Sign in to confirm you’re not a bot. Use --cookies-from-browser or --c
2026-10-10 14:57:20,656 [WARNING] yt-dlp fallo para https://www.youtube.com/shorts/gaaXIY9flv4: ERROR: [youtube] gaaXIY9flv4: Sign in to confirm you’re not a bot. Use --cookies-from-browser or --c
2026-10-10 14:57:21,497 [WARNING] yt-dlp fallo para https://www.youtube.com/shorts/D8MG3FiTYzA: ERROR: [youtube] D8MG3FiTYzA: Sign in to confirm you’re not a bot. Use --cookies-from-browser or --c
2026-10-10 14:57:22,274 [WARNING] yt-dlp fallo para https://www.youtube.com/shorts/CVwv67nivD0: ERROR: [youtube] CVwv67nivD0: Sign in to confirm you’re not a bot. Use --cookies-from-browser or --c
2026-10-10 14:57:23,103 [WARNING] yt-dlp fallo para https://www.youtube.com/shorts/uuMOSOWcuqA: ERROR: [youtube] uuMOSOWcuqA: Sign in to confirm you’re not a bot. Use --cookies-from-browser or --c
2026-10-10 14:57:24,065 [WARNING] yt-dlp fallo para https://www.youtube.com/shorts/EVRe6xA-Ch0: ERROR: [youtube] EVRe6xA-Ch0: Sign in to confirm you’re not a bot. Use --cookies-from-browser or --c
2026-10-10 14:57:24,900 [WARNING] yt-dlp fallo para https://www.youtube.com/shorts/Zqz0r-Kmknw: ERROR: [youtube] Zqz0r-Kmknw: Sign in to confirm you’re not a bot. Use --cookies-from-browser or --c
2026-10-10 14:57:25,703 [WARNING] yt-dlp fallo para https://www.youtube.com/shorts/d_amD1OY4P0: ERROR: [youtube] d_amD1OY4P0: Sign in to confirm you’re not a bot. Use --cookies-from-browser or --c
2026-10-10 14:57:26,927 [WARNING] yt-dlp fallo para https://www.youtube.com/watch?v=VC1FJmc3bQs: ERROR: [youtube] VC1FJmc3bQs: Sign in to confirm you’re not a bot. Use --cookies-from-browser or --c
2026-10-10 14:57:26,928 [INFO] Leyendo playlist YouTube: Y el fútbol contó un cuento
2026-10-10 14:57:27,102 [INFO] Playlist 'Y el fútbol contó un cuento': 8 videos
2026-10-10 14:57:27,996 [WARNING] yt-dlp fallo para https://www.youtube.com/watch?v=Bxrp2D5LUzA: ERROR: [youtube] Bxrp2D5LUzA: Sign in to confirm you’re not a bot. Use --cookies-from-browser or --c
2026-10-10 14:57:28,105 [WARNING] Intento 1/3 fallo para https://radiocut.fm/audiocut/alejandro-apo-6ta-parte-tunel-ernesto-sabato-martes-5-8-25-final/
2026-10-10 14:57:33,167 [WARNING] Intento 2/3 fallo para https://radiocut.fm/audiocut/alejandro-apo-6ta-parte-tunel-ernesto-sabato-martes-5-8-25-final/
2026-10-10 14:57:38,227 [WARNING] Intento 3/3 fallo para https://radiocut.fm/audiocut/alejandro-apo-6ta-parte-tunel-ernesto-sabato-martes-5-8-25-final/
2026-10-10 14:57:38,274 [WARNING] Intento 1/3 fallo para https://radiocut.fm/audiocut/alejandro-apo-750-y-una-historia-del-cine-documental-argentino/
2026-10-10 14:57:43,339 [WARNING] Intento 2/3 fallo para https://radiocut.fm/audiocut/alejandro-apo-750-y-una-historia-del-cine-documental-argentino/
2026-10-10 14:57:48,385 [WARNING] Intento 3/3 fallo para https://radiocut.fm/audiocut/alejandro-apo-750-y-una-historia-del-cine-documental-argentino/
2026-10-10 14:57:48,475 [WARNING] Intento 1/3 fallo para https://radiocut.fm/audiocut/alejandro-apo-aca-decimos-a-bilardo-lo-salvo-maradona-yo-lo-discutiria-un-rato-largo/
2026-10-10 14:57:53,521 [WARNING] Intento 2/3 fallo para https://radiocut.fm/audiocut/alejandro-apo-aca-decimos-a-bilardo-lo-salvo-maradona-yo-lo-discutiria-un-rato-largo/
2026-10-10 14:57:58,586 [WARNING] Intento 3/3 fallo para https://radiocut.fm/audiocut/alejandro-apo-aca-decimos-a-bilardo-lo-salvo-maradona-yo-lo-discutiria-un-rato-largo/
2026-10-10 14:57:58,634 [WARNING] Intento 1/3 fallo para https://radiocut.fm/audiocut/alejandro-apo-en-radio-el-mundo-am-1070/
2026-10-10 14:58:03,707 [WARNING] Intento 2/3 fallo para https://radiocut.fm/audiocut/alejandro-apo-en-radio-el-mundo-am-1070/
2026-10-10 14:58:08,749 [WARNING] Intento 3/3 fallo para https://radiocut.fm/audiocut/alejandro-apo-en-radio-el-mundo-am-1070/
2026-10-10 14:58:08,805 [WARNING] Intento 1/3 fallo para https://radiocut.fm/audiocut/alejandro-apo-entrevista-a-miguel-angel-giachello/
2026-10-10 14:58:13,860 [WARNING] Intento 2/3 fallo para https://radiocut.fm/audiocut/alejandro-apo-entrevista-a-miguel-angel-giachello/
2026-10-10 14:58:18,904 [WARNING] Intento 3/3 fallo para https://radiocut.fm/audiocut/alejandro-apo-entrevista-a-miguel-angel-giachello/
2026-10-10 14:58:18,953 [WARNING] Intento 1/3 fallo para https://radiocut.fm/audiocut/alejandro-apo-especial-am750-por-sus-50-anos-trayectoria-en-medios-05-08-2024/
2026-10-10 14:58:23,997 [WARNING] Intento 2/3 fallo para https://radiocut.fm/audiocut/alejandro-apo-especial-am750-por-sus-50-anos-trayectoria-en-medios-05-08-2024/
2026-10-10 14:58:29,058 [WARNING] Intento 3/3 fallo para https://radiocut.fm/audiocut/alejandro-apo-especial-am750-por-sus-50-anos-trayectoria-en-medios-05-08-2024/
2026-10-10 14:58:29,125 [WARNING] Intento 1/3 fallo para https://radiocut.fm/audiocut/alejandro-apo-este-gobierno-ha-devuelto-el-futbol-a-sus-duenos/
2026-10-10 14:58:34,170 [WARNING] Intento 2/3 fallo para https://radiocut.fm/audiocut/alejandro-apo-este-gobierno-ha-devuelto-el-futbol-a-sus-duenos/
2026-10-10 14:58:39,228 [WARNING] Intento 3/3 fallo para https://radiocut.fm/audiocut/alejandro-apo-este-gobierno-ha-devuelto-el-futbol-a-sus-duenos/
2026-10-10 14:58:39,276 [WARNING] Intento 1/3 fallo para https://radiocut.fm/audiocut/alejandro-apo-independiente-mi-viejo-y-yo-de-eduardo-saccheri/
2026-10-10 14:58:44,325 [WARNING] Intento 2/3 fallo para https://radiocut.fm/audiocut/alejandro-apo-independiente-mi-viejo-y-yo-de-eduardo-saccheri/
2026-10-10 14:58:49,380 [WARNING] Intento 3/3 fallo para https://radiocut.fm/audiocut/alejandro-apo-independiente-mi-viejo-y-yo-de-eduardo-saccheri/
2026-10-10 14:58:49,436 [WARNING] Intento 1/3 fallo para https://radiocut.fm/audiocut/alejandro-apo-lee-3ra-parte-tunel-ernesto-sabato-miercoles-30-7-25/
2026-10-10 14:58:54,492 [WARNING] Intento 2/3 fallo para https://radiocut.fm/audiocut/alejandro-apo-lee-3ra-parte-tunel-ernesto-sabato-miercoles-30-7-25/
2026-10-10 14:58:59,541 [WARNING] Intento 3/3 fallo para https://radiocut.fm/audiocut/alejandro-apo-lee-3ra-parte-tunel-ernesto-sabato-miercoles-30-7-25/
2026-10-10 14:58:59,615 [WARNING] Intento 1/3 fallo para https://radiocut.fm/audiocut/alejandro-apo-lee-5ta-parte-tunel-ernesto-sabato-viernes-1-8-25/
2026-10-10 14:59:04,663 [WARNING] Intento 2/3 fallo para https://radiocut.fm/audiocut/alejandro-apo-lee-5ta-parte-tunel-ernesto-sabato-viernes-1-8-25/
2026-10-10 14:59:09,709 [WARNING] Intento 3/3 fallo para https://radiocut.fm/audiocut/alejandro-apo-lee-5ta-parte-tunel-ernesto-sabato-viernes-1-8-25/
2026-10-10 14:59:09,764 [WARNING] Intento 1/3 fallo para https://radiocut.fm/audiocut/alejandro-apo-lee-6ta-parte-tunel-ernesto-sabato-lunes-4-8-25/
2026-10-10 14:59:14,816 [WARNING] Intento 2/3 fallo para https://radiocut.fm/audiocut/alejandro-apo-lee-6ta-parte-tunel-ernesto-sabato-lunes-4-8-25/
2026-10-10 14:59:19,872 [WARNING] Intento 3/3 fallo para https://radiocut.fm/audiocut/alejandro-apo-lee-6ta-parte-tunel-ernesto-sabato-lunes-4-8-25/
2026-10-10 14:59:19,917 [WARNING] Intento 1/3 fallo para https://radiocut.fm/audiocut/alejandro-apo-lee-a-eduardo-sacheri/
2026-10-10 14:59:24,974 [WARNING] Intento 2/3 fallo para https://radiocut.fm/audiocut/alejandro-apo-lee-a-eduardo-sacheri/
2026-10-10 14:59:30,019 [WARNING] Intento 3/3 fallo para https://radiocut.fm/audiocut/alejandro-apo-lee-a-eduardo-sacheri/
2026-10-10 14:59:30,066 [WARNING] Intento 1/3 fallo para https://radiocut.fm/audiocut/alejandro-apo-lee-a-gabriel-garcia-marquez-en-donde-quieras-estes/
2026-10-10 14:59:35,112 [WARNING] Intento 2/3 fallo para https://radiocut.fm/audiocut/alejandro-apo-lee-a-gabriel-garcia-marquez-en-donde-quieras-estes/
2026-10-10 14:59:40,162 [WARNING] Intento 3/3 fallo para https://radiocut.fm/audiocut/alejandro-apo-lee-a-gabriel-garcia-marquez-en-donde-quieras-estes/
2026-10-10 14:59:40,231 [WARNING] Intento 1/3 fallo para https://radiocut.fm/audiocut/alejandro-apo-lee-como-la-tuve-que-remar-de-reynaldo-colombatti/
2026-10-10 14:59:45,283 [WARNING] Intento 2/3 fallo para https://radiocut.fm/audiocut/alejandro-apo-lee-como-la-tuve-que-remar-de-reynaldo-colombatti/
2026-10-10 14:59:50,336 [WARNING] Intento 3/3 fallo para https://radiocut.fm/audiocut/alejandro-apo-lee-como-la-tuve-que-remar-de-reynaldo-colombatti/
2026-10-10 14:59:50,382 [WARNING] Intento 1/3 fallo para https://radiocut.fm/audiocut/alejandro-apo-lee-el-lado-b-de-un-cuento-de-fontanarrosa/
2026-10-10 14:59:55,442 [WARNING] Intento 2/3 fallo para https://radiocut.fm/audiocut/alejandro-apo-lee-el-lado-b-de-un-cuento-de-fontanarrosa/
2026-10-10 15:00:00,494 [WARNING] Intento 3/3 fallo para https://radiocut.fm/audiocut/alejandro-apo-lee-el-lado-b-de-un-cuento-de-fontanarrosa/
2026-10-10 15:00:00,562 [WARNING] Intento 1/3 fallo para https://radiocut.fm/audiocut/alejandro-apo-lee-juan-villoro-barbosa-hombre-murio-dos-veces/
2026-10-10 15:00:05,614 [WARNING] Intento 2/3 fallo para https://radiocut.fm/audiocut/alejandro-apo-lee-juan-villoro-barbosa-hombre-murio-dos-veces/
2026-10-10 15:00:10,672 [WARNING] Intento 3/3 fallo para https://radiocut.fm/audiocut/alejandro-apo-lee-juan-villoro-barbosa-hombre-murio-dos-veces/
2026-10-10 15:00:10,717 [WARNING] Intento 1/3 fallo para https://radiocut.fm/audiocut/alejandro-apo-lee-tunel-4ta-parte-jueves-31-7-25/
2026-10-10 15:00:15,771 [WARNING] Intento 2/3 fallo para https://radiocut.fm/audiocut/alejandro-apo-lee-tunel-4ta-parte-jueves-31-7-25/
2026-10-10 15:00:20,819 [WARNING] Intento 3/3 fallo para https://radiocut.fm/audiocut/alejandro-apo-lee-tunel-4ta-parte-jueves-31-7-25/
2026-10-10 15:00:20,875 [WARNING] Intento 1/3 fallo para https://radiocut.fm/audiocut/alejandro-apo-lee-tunel-ernesto-sabato-1ra-parte-lunes-29-7-2025-duracion/
2026-10-10 15:00:25,933 [WARNING] Intento 2/3 fallo para https://radiocut.fm/audiocut/alejandro-apo-lee-tunel-ernesto-sabato-1ra-parte-lunes-29-7-2025-duracion/
2026-10-10 15:00:30,985 [WARNING] Intento 3/3 fallo para https://radiocut.fm/audiocut/alejandro-apo-lee-tunel-ernesto-sabato-1ra-parte-lunes-29-7-2025-duracion/
2026-10-10 15:00:31,030 [WARNING] Intento 1/3 fallo para https://radiocut.fm/audiocut/alejandro-apo-lee-tunel-ernesto-sabato-2da-parte-martes-29-7-25/
2026-10-10 15:00:36,076 [WARNING] Intento 2/3 fallo para https://radiocut.fm/audiocut/alejandro-apo-lee-tunel-ernesto-sabato-2da-parte-martes-29-7-25/
2026-10-10 15:00:41,124 [WARNING] Intento 3/3 fallo para https://radiocut.fm/audiocut/alejandro-apo-lee-tunel-ernesto-sabato-2da-parte-martes-29-7-25/
2026-10-10 15:00:41,186 [WARNING] Intento 1/3 fallo para https://radiocut.fm/audiocut/alejandro-apo-lee-un-texto-fontanarrosa-sobre-su-camiseta-platense/
2026-10-10 15:00:46,229 [WARNING] Intento 2/3 fallo para https://radiocut.fm/audiocut/alejandro-apo-lee-un-texto-fontanarrosa-sobre-su-camiseta-platense/
2026-10-10 15:00:51,283 [WARNING] Intento 3/3 fallo para https://radiocut.fm/audiocut/alejandro-apo-lee-un-texto-fontanarrosa-sobre-su-camiseta-platense/
2026-10-10 15:00:51,329 [WARNING] Intento 1/3 fallo para https://radiocut.fm/audiocut/alejandro-apo-paso-por-alargue/
2026-10-10 15:00:56,377 [WARNING] Intento 2/3 fallo para https://radiocut.fm/audiocut/alejandro-apo-paso-por-alargue/
2026-10-10 15:01:01,449 [WARNING] Intento 3/3 fallo para https://radiocut.fm/audiocut/alejandro-apo-paso-por-alargue/
2026-10-10 15:01:01,516 [WARNING] Intento 1/3 fallo para https://radiocut.fm/audiocut/alejandro-apo-periodista-deportivo-y-comentarista-en-caballerodedia/
2026-10-10 15:01:06,561 [WARNING] Intento 2/3 fallo para https://radiocut.fm/audiocut/alejandro-apo-periodista-deportivo-y-comentarista-en-caballerodedia/
2026-10-10 15:01:11,617 [WARNING] Intento 3/3 fallo para https://radiocut.fm/audiocut/alejandro-apo-periodista-deportivo-y-comentarista-en-caballerodedia/
2026-10-10 15:01:11,694 [WARNING] Intento 1/3 fallo para https://radiocut.fm/audiocut/alejandro-apo-recomienda-llegue-cansada-a-felicidad/
2026-10-10 15:01:16,746 [WARNING] Intento 2/3 fallo para https://radiocut.fm/audiocut/alejandro-apo-recomienda-llegue-cansada-a-felicidad/
2026-10-10 15:01:21,791 [WARNING] Intento 3/3 fallo para https://radiocut.fm/audiocut/alejandro-apo-recomienda-llegue-cansada-a-felicidad/
2026-10-10 15:01:21,842 [WARNING] Intento 1/3 fallo para https://radiocut.fm/audiocut/alejandro-apo-retorna-con-el-futbol-conto-un-cuento-radio-la-red-13112016/
2026-10-10 15:01:26,898 [WARNING] Intento 2/3 fallo para https://radiocut.fm/audiocut/alejandro-apo-retorna-con-el-futbol-conto-un-cuento-radio-la-red-13112016/
2026-10-10 15:01:31,948 [WARNING] Intento 3/3 fallo para https://radiocut.fm/audiocut/alejandro-apo-retorna-con-el-futbol-conto-un-cuento-radio-la-red-13112016/
2026-10-10 15:01:32,012 [WARNING] Intento 1/3 fallo para https://radiocut.fm/audiocut/alejandro-apo-siempre-es-hoy-radio-del-plata-1/
2026-10-10 15:01:37,063 [WARNING] Intento 2/3 fallo para https://radiocut.fm/audiocut/alejandro-apo-siempre-es-hoy-radio-del-plata-1/
2026-10-10 15:01:42,121 [WARNING] Intento 3/3 fallo para https://radiocut.fm/audiocut/alejandro-apo-siempre-es-hoy-radio-del-plata-1/
2026-10-10 15:01:42,166 [WARNING] Intento 1/3 fallo para https://radiocut.fm/audiocut/alejandro-apo-siempre-es-hoy-radio-del-plata-2/
2026-10-10 15:01:47,210 [WARNING] Intento 2/3 fallo para https://radiocut.fm/audiocut/alejandro-apo-siempre-es-hoy-radio-del-plata-2/
2026-10-10 15:01:52,267 [WARNING] Intento 3/3 fallo para https://radiocut.fm/audiocut/alejandro-apo-siempre-es-hoy-radio-del-plata-2/
2026-10-10 15:01:52,322 [WARNING] Intento 1/3 fallo para https://radiocut.fm/audiocut/alejandro-apo-siempre-es-hoy-radio-del-plata/
2026-10-10 15:01:57,375 [WARNING] Intento 2/3 fallo para https://radiocut.fm/audiocut/alejandro-apo-siempre-es-hoy-radio-del-plata/
2026-10-10 15:02:02,420 [WARNING] Intento 3/3 fallo para https://radiocut.fm/audiocut/alejandro-apo-siempre-es-hoy-radio-del-plata/
2026-10-10 15:02:02,477 [WARNING] Intento 1/3 fallo para https://radiocut.fm/audiocut/alejandro-apo-sobre-argentina-vs-arabia/
2026-10-10 15:02:07,523 [WARNING] Intento 2/3 fallo para https://radiocut.fm/audiocut/alejandro-apo-sobre-argentina-vs-arabia/
2026-10-10 15:02:12,585 [WARNING] Intento 3/3 fallo para https://radiocut.fm/audiocut/alejandro-apo-sobre-argentina-vs-arabia/
2026-10-10 15:02:12,637 [WARNING] Intento 1/3 fallo para https://radiocut.fm/audiocut/alejandro-apo-sobre-una-historia-del-cine-documental-argentino/
2026-10-10 15:02:17,682 [WARNING] Intento 2/3 fallo para https://radiocut.fm/audiocut/alejandro-apo-sobre-una-historia-del-cine-documental-argentino/
2026-10-10 15:02:22,730 [WARNING] Intento 3/3 fallo para https://radiocut.fm/audiocut/alejandro-apo-sobre-una-historia-del-cine-documental-argentino/
2026-10-10 15:02:22,778 [WARNING] Intento 1/3 fallo para https://radiocut.fm/audiocut/alejandro-apo-tengo-miedo-nene-gran-momento-de-radio/
2026-10-10 15:02:27,835 [WARNING] Intento 2/3 fallo para https://radiocut.fm/audiocut/alejandro-apo-tengo-miedo-nene-gran-momento-de-radio/
2026-10-10 15:02:32,938 [WARNING] Intento 3/3 fallo para https://radiocut.fm/audiocut/alejandro-apo-tengo-miedo-nene-gran-momento-de-radio/
2026-10-10 15:02:32,994 [WARNING] Intento 1/3 fallo para https://radiocut.fm/audiocut/alejandro-apo-tras-fallecimiento-diego-armando-maradona/
2026-10-10 15:02:38,044 [WARNING] Intento 2/3 fallo para https://radiocut.fm/audiocut/alejandro-apo-tras-fallecimiento-diego-armando-maradona/
2026-10-10 15:02:43,093 [WARNING] Intento 3/3 fallo para https://radiocut.fm/audiocut/alejandro-apo-tras-fallecimiento-diego-armando-maradona/
2026-10-10 15:02:43,154 [WARNING] Intento 1/3 fallo para https://radiocut.fm/audiocut/alejandro-apo-un-senor-cuento-de-fontanarrosa-la-observacion-de-los-pajaros/
2026-10-10 15:02:48,207 [WARNING] Intento 2/3 fallo para https://radiocut.fm/audiocut/alejandro-apo-un-senor-cuento-de-fontanarrosa-la-observacion-de-los-pajaros/
2026-10-10 15:02:53,252 [WARNING] Intento 3/3 fallo para https://radiocut.fm/audiocut/alejandro-apo-un-senor-cuento-de-fontanarrosa-la-observacion-de-los-pajaros/
2026-10-10 15:02:53,301 [WARNING] Intento 1/3 fallo para https://radiocut.fm/audiocut/apertura-de-alejandro-apo-en-la-casa-invita-am-750-gente-necesaria-/
2026-10-10 15:02:58,357 [WARNING] Intento 2/3 fallo para https://radiocut.fm/audiocut/apertura-de-alejandro-apo-en-la-casa-invita-am-750-gente-necesaria-/
2026-10-10 15:03:03,409 [WARNING] Intento 3/3 fallo para https://radiocut.fm/audiocut/apertura-de-alejandro-apo-en-la-casa-invita-am-750-gente-necesaria-/
2026-10-10 15:03:03,462 [WARNING] Intento 1/3 fallo para https://radiocut.fm/audiocut/apertura-de-alejandro-apo-en-la-casa-invita-am-750-los-nombres-de-fontanarrosa/
2026-10-10 15:03:08,508 [WARNING] Intento 2/3 fallo para https://radiocut.fm/audiocut/apertura-de-alejandro-apo-en-la-casa-invita-am-750-los-nombres-de-fontanarrosa/
2026-10-10 15:03:13,553 [WARNING] Intento 3/3 fallo para https://radiocut.fm/audiocut/apertura-de-alejandro-apo-en-la-casa-invita-am-750-los-nombres-de-fontanarrosa/
2026-10-10 15:03:13,609 [WARNING] Intento 1/3 fallo para https://radiocut.fm/audiocut/apertura-de-alejandro-apo-en-la-casa-invita-am750-necesaria-y-nuestra-de-alfredo-carlino-/
2026-10-10 15:03:18,654 [WARNING] Intento 2/3 fallo para https://radiocut.fm/audiocut/apertura-de-alejandro-apo-en-la-casa-invita-am750-necesaria-y-nuestra-de-alfredo-carlino-/
2026-10-10 15:03:23,703 [WARNING] Intento 3/3 fallo para https://radiocut.fm/audiocut/apertura-de-alejandro-apo-en-la-casa-invita-am750-necesaria-y-nuestra-de-alfredo-carlino-/
2026-10-10 15:03:23,768 [WARNING] Intento 1/3 fallo para https://radiocut.fm/audiocut/apertura-de-alejandroapo-en-lacasainvitaam750-por-am750-hoy-margara-averbach/
2026-10-10 15:03:28,822 [WARNING] Intento 2/3 fallo para https://radiocut.fm/audiocut/apertura-de-alejandroapo-en-lacasainvitaam750-por-am750-hoy-margara-averbach/
2026-10-10 15:03:33,868 [WARNING] Intento 3/3 fallo para https://radiocut.fm/audiocut/apertura-de-alejandroapo-en-lacasainvitaam750-por-am750-hoy-margara-averbach/
2026-10-10 15:03:33,919 [WARNING] Intento 1/3 fallo para https://radiocut.fm/audiocut/apo-lee-un-senor-cuento-750am/
2026-10-10 15:03:38,975 [WARNING] Intento 2/3 fallo para https://radiocut.fm/audiocut/apo-lee-un-senor-cuento-750am/
2026-10-10 15:03:44,022 [WARNING] Intento 3/3 fallo para https://radiocut.fm/audiocut/apo-lee-un-senor-cuento-750am/
2026-10-10 15:03:44,064 [WARNING] Intento 1/3 fallo para https://radiocut.fm/audiocut/apocortito-anecdota-de-alejandro-apo-con-marcelo-bielsa-en-la-casa-invita-por-am750/
2026-10-10 15:03:49,127 [WARNING] Intento 2/3 fallo para https://radiocut.fm/audiocut/apocortito-anecdota-de-alejandro-apo-con-marcelo-bielsa-en-la-casa-invita-por-am750/
2026-10-10 15:03:54,179 [WARNING] Intento 3/3 fallo para https://radiocut.fm/audiocut/apocortito-anecdota-de-alejandro-apo-con-marcelo-bielsa-en-la-casa-invita-por-am750/
2026-10-10 15:03:54,226 [WARNING] Intento 1/3 fallo para https://radiocut.fm/audiocut/apuntes-acerca-de-una-mala-mujer-de-sergio-ranieri-por-alejandro-apo-en-la-casa-invita/
2026-10-10 15:03:59,279 [WARNING] Intento 2/3 fallo para https://radiocut.fm/audiocut/apuntes-acerca-de-una-mala-mujer-de-sergio-ranieri-por-alejandro-apo-en-la-casa-invita/
2026-10-10 15:04:04,324 [WARNING] Intento 3/3 fallo para https://radiocut.fm/audiocut/apuntes-acerca-de-una-mala-mujer-de-sergio-ranieri-por-alejandro-apo-en-la-casa-invita/
2026-10-10 15:04:04,369 [WARNING] Intento 1/3 fallo para https://radiocut.fm/audiocut/apuntes-acerca-de-una-mala-mujer-de-sergio-ranieri-por-alejandro-apo/
2026-10-10 15:04:09,427 [WARNING] Intento 2/3 fallo para https://radiocut.fm/audiocut/apuntes-acerca-de-una-mala-mujer-de-sergio-ranieri-por-alejandro-apo/
2026-10-10 15:04:14,477 [WARNING] Intento 3/3 fallo para https://radiocut.fm/audiocut/apuntes-acerca-de-una-mala-mujer-de-sergio-ranieri-por-alejandro-apo/
2026-10-10 15:04:14,526 [WARNING] Intento 1/3 fallo para https://radiocut.fm/audiocut/asi-es-mama-juan-jose-hernandez-alejandro-apo/
2026-10-10 15:04:19,583 [WARNING] Intento 2/3 fallo para https://radiocut.fm/audiocut/asi-es-mama-juan-jose-hernandez-alejandro-apo/
2026-10-10 15:04:24,633 [WARNING] Intento 3/3 fallo para https://radiocut.fm/audiocut/asi-es-mama-juan-jose-hernandez-alejandro-apo/
2026-10-10 15:04:24,679 [WARNING] Intento 1/3 fallo para https://radiocut.fm/audiocut/audio-homenaje-a-alejandro-apo/
2026-10-10 15:04:29,747 [WARNING] Intento 2/3 fallo para https://radiocut.fm/audiocut/audio-homenaje-a-alejandro-apo/
2026-10-10 15:04:34,812 [WARNING] Intento 3/3 fallo para https://radiocut.fm/audiocut/audio-homenaje-a-alejandro-apo/
2026-10-10 15:04:34,856 [WARNING] Intento 1/3 fallo para https://radiocut.fm/audiocut/cambios-en-tu-hijo-adolescente-por-alejandro-apo/
2026-10-10 15:04:39,904 [WARNING] Intento 2/3 fallo para https://radiocut.fm/audiocut/cambios-en-tu-hijo-adolescente-por-alejandro-apo/
2026-10-10 15:04:44,958 [WARNING] Intento 3/3 fallo para https://radiocut.fm/audiocut/cambios-en-tu-hijo-adolescente-por-alejandro-apo/
2026-10-10 15:04:45,004 [WARNING] Intento 1/3 fallo para https://radiocut.fm/audiocut/cinco-leyendas-de-alejandro-dolina-relato-de-alejandro-apo/
2026-10-10 15:04:50,052 [WARNING] Intento 2/3 fallo para https://radiocut.fm/audiocut/cinco-leyendas-de-alejandro-dolina-relato-de-alejandro-apo/
2026-10-10 15:04:55,103 [WARNING] Intento 3/3 fallo para https://radiocut.fm/audiocut/cinco-leyendas-de-alejandro-dolina-relato-de-alejandro-apo/
2026-10-10 15:04:55,164 [WARNING] Intento 1/3 fallo para https://radiocut.fm/audiocut/claudio-da-passano-entrevistado-por-sergio-gusenko-y-alejandro-apo/
2026-10-10 15:05:00,213 [WARNING] Intento 2/3 fallo para https://radiocut.fm/audiocut/claudio-da-passano-entrevistado-por-sergio-gusenko-y-alejandro-apo/
2026-10-10 15:05:05,264 [WARNING] Intento 3/3 fallo para https://radiocut.fm/audiocut/claudio-da-passano-entrevistado-por-sergio-gusenko-y-alejandro-apo/
2026-10-10 15:05:05,317 [WARNING] Intento 1/3 fallo para https://radiocut.fm/audiocut/cristina-banegas-con-alejandro-apo/
2026-10-10 15:05:10,377 [WARNING] Intento 2/3 fallo para https://radiocut.fm/audiocut/cristina-banegas-con-alejandro-apo/
2026-10-10 15:05:15,422 [WARNING] Intento 3/3 fallo para https://radiocut.fm/audiocut/cristina-banegas-con-alejandro-apo/
2026-10-10 15:05:15,498 [WARNING] Intento 1/3 fallo para https://radiocut.fm/audiocut/cuento-la-entrevista-de-constantini-leido-por-alejandro-apo/
2026-10-10 15:05:20,558 [WARNING] Intento 2/3 fallo para https://radiocut.fm/audiocut/cuento-la-entrevista-de-constantini-leido-por-alejandro-apo/
2026-10-10 15:05:25,602 [WARNING] Intento 3/3 fallo para https://radiocut.fm/audiocut/cuento-la-entrevista-de-constantini-leido-por-alejandro-apo/
2026-10-10 15:05:25,659 [WARNING] Intento 1/3 fallo para https://radiocut.fm/audiocut/cuento-la-felicidad-de-isidoro-blaisten-en-voz-de-alejandro-apo/
2026-10-10 15:05:30,706 [WARNING] Intento 2/3 fallo para https://radiocut.fm/audiocut/cuento-la-felicidad-de-isidoro-blaisten-en-voz-de-alejandro-apo/
2026-10-10 15:05:35,758 [WARNING] Intento 3/3 fallo para https://radiocut.fm/audiocut/cuento-la-felicidad-de-isidoro-blaisten-en-voz-de-alejandro-apo/
2026-10-10 15:05:35,810 [WARNING] Intento 1/3 fallo para https://radiocut.fm/audiocut/cuento-la-salud-de-los-enfermos-de-cortazar-voz-alejandro-apo/
2026-10-10 15:05:40,862 [WARNING] Intento 2/3 fallo para https://radiocut.fm/audiocut/cuento-la-salud-de-los-enfermos-de-cortazar-voz-alejandro-apo/
2026-10-10 15:05:45,909 [WARNING] Intento 3/3 fallo para https://radiocut.fm/audiocut/cuento-la-salud-de-los-enfermos-de-cortazar-voz-alejandro-apo/
2026-10-10 15:05:45,961 [WARNING] Intento 1/3 fallo para https://radiocut.fm/audiocut/cuentos-leidos-por-alejandro-apo/
2026-10-10 15:05:51,014 [WARNING] Intento 2/3 fallo para https://radiocut.fm/audiocut/cuentos-leidos-por-alejandro-apo/
2026-10-10 15:05:56,068 [WARNING] Intento 3/3 fallo para https://radiocut.fm/audiocut/cuentos-leidos-por-alejandro-apo/
2026-10-10 15:05:56,125 [WARNING] Intento 1/3 fallo para https://radiocut.fm/audiocut/curados-de-espanto-y-sin-embargo-de-mario-benedetti-relato-de-alejandro-apo/
2026-10-10 15:06:01,174 [WARNING] Intento 2/3 fallo para https://radiocut.fm/audiocut/curados-de-espanto-y-sin-embargo-de-mario-benedetti-relato-de-alejandro-apo/
2026-10-10 15:06:06,234 [WARNING] Intento 3/3 fallo para https://radiocut.fm/audiocut/curados-de-espanto-y-sin-embargo-de-mario-benedetti-relato-de-alejandro-apo/
2026-10-10 15:06:06,281 [WARNING] Intento 1/3 fallo para https://radiocut.fm/audiocut/dalma-maradona-con-alejandro-apo/
2026-10-10 15:06:11,330 [WARNING] Intento 2/3 fallo para https://radiocut.fm/audiocut/dalma-maradona-con-alejandro-apo/
2026-10-10 15:06:16,388 [WARNING] Intento 3/3 fallo para https://radiocut.fm/audiocut/dalma-maradona-con-alejandro-apo/
2026-10-10 15:06:16,459 [WARNING] Intento 1/3 fallo para https://radiocut.fm/audiocut/dame-radio-alejandro-apo-sobre-35-anos-del-gol-maradona-a-ingleses/
2026-10-10 15:06:21,517 [WARNING] Intento 2/3 fallo para https://radiocut.fm/audiocut/dame-radio-alejandro-apo-sobre-35-anos-del-gol-maradona-a-ingleses/
2026-10-10 15:06:26,563 [WARNING] Intento 3/3 fallo para https://radiocut.fm/audiocut/dame-radio-alejandro-apo-sobre-35-anos-del-gol-maradona-a-ingleses/
2026-10-10 15:06:26,616 [WARNING] Intento 1/3 fallo para https://radiocut.fm/audiocut/de-chilena-cuento-de-eduardo-sacheri-por-alejandro-apo/
2026-10-10 15:06:31,666 [WARNING] Intento 2/3 fallo para https://radiocut.fm/audiocut/de-chilena-cuento-de-eduardo-sacheri-por-alejandro-apo/
2026-10-10 15:06:36,719 [WARNING] Intento 3/3 fallo para https://radiocut.fm/audiocut/de-chilena-cuento-de-eduardo-sacheri-por-alejandro-apo/
2026-10-10 15:06:36,797 [WARNING] Intento 1/3 fallo para https://radiocut.fm/audiocut/destino-de-mujer-de-roberto-fontanarrosa-relato-de-alejandro-apo/
2026-10-10 15:06:41,844 [WARNING] Intento 2/3 fallo para https://radiocut.fm/audiocut/destino-de-mujer-de-roberto-fontanarrosa-relato-de-alejandro-apo/
2026-10-10 15:06:46,897 [WARNING] Intento 3/3 fallo para https://radiocut.fm/audiocut/destino-de-mujer-de-roberto-fontanarrosa-relato-de-alejandro-apo/
2026-10-10 15:06:46,943 [WARNING] Intento 1/3 fallo para https://radiocut.fm/audiocut/dirige-barreiro-en-la-voz-de-alejandro-apo-cuento-final-del-libro-elpartidorojo-de-claudio_gmz/
2026-10-10 15:06:51,995 [WARNING] Intento 2/3 fallo para https://radiocut.fm/audiocut/dirige-barreiro-en-la-voz-de-alejandro-apo-cuento-final-del-libro-elpartidorojo-de-claudio_gmz/
2026-10-10 15:06:57,041 [WARNING] Intento 3/3 fallo para https://radiocut.fm/audiocut/dirige-barreiro-en-la-voz-de-alejandro-apo-cuento-final-del-libro-elpartidorojo-de-claudio_gmz/
2026-10-10 15:06:57,099 [WARNING] Intento 1/3 fallo para https://radiocut.fm/audiocut/donde-quieras-estes-alejandro-apo-en-am-750-28-10-25/
2026-10-10 15:07:02,175 [WARNING] Intento 2/3 fallo para https://radiocut.fm/audiocut/donde-quieras-estes-alejandro-apo-en-am-750-28-10-25/
2026-10-10 15:07:07,226 [WARNING] Intento 3/3 fallo para https://radiocut.fm/audiocut/donde-quieras-estes-alejandro-apo-en-am-750-28-10-25/
2026-10-10 15:07:07,272 [WARNING] Intento 1/3 fallo para https://radiocut.fm/audiocut/dora-apo-alejandro-apo-fue-el-amor-de-mi-vida-nunca-pude-reemplazarlo-por-nadie/
2026-10-10 15:07:12,332 [WARNING] Intento 2/3 fallo para https://radiocut.fm/audiocut/dora-apo-alejandro-apo-fue-el-amor-de-mi-vida-nunca-pude-reemplazarlo-por-nadie/
2026-10-10 15:07:17,384 [WARNING] Intento 3/3 fallo para https://radiocut.fm/audiocut/dora-apo-alejandro-apo-fue-el-amor-de-mi-vida-nunca-pude-reemplazarlo-por-nadie/
2026-10-10 15:07:17,442 [WARNING] Intento 1/3 fallo para https://radiocut.fm/audiocut/edgardo-edy-binstock-dialoga-con-alejandro-apo-y-martin-jaureguien-punto-de-encuentro-fm-lapatriada/
2026-10-10 15:07:22,497 [WARNING] Intento 2/3 fallo para https://radiocut.fm/audiocut/edgardo-edy-binstock-dialoga-con-alejandro-apo-y-martin-jaureguien-punto-de-encuentro-fm-lapatriada/
2026-10-10 15:07:27,566 [WARNING] Intento 3/3 fallo para https://radiocut.fm/audiocut/edgardo-edy-binstock-dialoga-con-alejandro-apo-y-martin-jaureguien-punto-de-encuentro-fm-lapatriada/
2026-10-10 15:07:27,643 [WARNING] Intento 1/3 fallo para https://radiocut.fm/audiocut/el-chileno-de-fontanarrosa-relato-de-alejandro-apo/
2026-10-10 15:07:32,698 [WARNING] Intento 2/3 fallo para https://radiocut.fm/audiocut/el-chileno-de-fontanarrosa-relato-de-alejandro-apo/
2026-10-10 15:07:37,796 [WARNING] Intento 3/3 fallo para https://radiocut.fm/audiocut/el-chileno-de-fontanarrosa-relato-de-alejandro-apo/
2026-10-10 15:07:37,871 [WARNING] Intento 1/3 fallo para https://radiocut.fm/audiocut/el-cuento-de-alejandro-apo/
2026-10-10 15:07:42,918 [WARNING] Intento 2/3 fallo para https://radiocut.fm/audiocut/el-cuento-de-alejandro-apo/
2026-10-10 15:07:47,963 [WARNING] Intento 3/3 fallo para https://radiocut.fm/audiocut/el-cuento-de-alejandro-apo/
2026-10-10 15:07:48,014 [WARNING] Intento 1/3 fallo para https://radiocut.fm/audiocut/el-discipulo-de-roberto-fontanarrosa-relato-de-alejandro-apo/
2026-10-10 15:07:53,068 [WARNING] Intento 2/3 fallo para https://radiocut.fm/audiocut/el-discipulo-de-roberto-fontanarrosa-relato-de-alejandro-apo/
2026-10-10 15:07:58,138 [WARNING] Intento 3/3 fallo para https://radiocut.fm/audiocut/el-discipulo-de-roberto-fontanarrosa-relato-de-alejandro-apo/
2026-10-10 15:07:58,191 [WARNING] Intento 1/3 fallo para https://radiocut.fm/audiocut/el-fin-de-jorge-luis-borges-relato-de-alejandro-apo/
2026-10-10 15:08:03,244 [WARNING] Intento 2/3 fallo para https://radiocut.fm/audiocut/el-fin-de-jorge-luis-borges-relato-de-alejandro-apo/
2026-10-10 15:08:08,292 [WARNING] Intento 3/3 fallo para https://radiocut.fm/audiocut/el-fin-de-jorge-luis-borges-relato-de-alejandro-apo/
2026-10-10 15:08:08,346 [WARNING] Intento 1/3 fallo para https://radiocut.fm/audiocut/el-hombre-que-murio-dos-veces-de-juan-villoro-por-alejandro-apo/
2026-10-10 15:08:13,416 [WARNING] Intento 2/3 fallo para https://radiocut.fm/audiocut/el-hombre-que-murio-dos-veces-de-juan-villoro-por-alejandro-apo/
2026-10-10 15:08:18,467 [WARNING] Intento 3/3 fallo para https://radiocut.fm/audiocut/el-hombre-que-murio-dos-veces-de-juan-villoro-por-alejandro-apo/
2026-10-10 15:08:18,522 [WARNING] Intento 1/3 fallo para https://radiocut.fm/audiocut/el-manicomio-santiago-clement-leido-por-alejandro-apo/
2026-10-10 15:08:23,600 [WARNING] Intento 2/3 fallo para https://radiocut.fm/audiocut/el-manicomio-santiago-clement-leido-por-alejandro-apo/
2026-10-10 15:08:28,650 [WARNING] Intento 3/3 fallo para https://radiocut.fm/audiocut/el-manicomio-santiago-clement-leido-por-alejandro-apo/
2026-10-10 15:08:28,701 [WARNING] Intento 1/3 fallo para https://radiocut.fm/audiocut/el-mundo-ha-vivido-equivocado-de-roberto-fontanarrosa-por-alejandro-apo/
2026-10-10 15:08:33,753 [WARNING] Intento 2/3 fallo para https://radiocut.fm/audiocut/el-mundo-ha-vivido-equivocado-de-roberto-fontanarrosa-por-alejandro-apo/
2026-10-10 15:08:38,812 [WARNING] Intento 3/3 fallo para https://radiocut.fm/audiocut/el-mundo-ha-vivido-equivocado-de-roberto-fontanarrosa-por-alejandro-apo/
2026-10-10 15:08:38,858 [WARNING] Intento 1/3 fallo para https://radiocut.fm/audiocut/el-piloto-de-combate-de-eduardo-sacheri-relato-de-alejandro-apo/
2026-10-10 15:08:43,904 [WARNING] Intento 2/3 fallo para https://radiocut.fm/audiocut/el-piloto-de-combate-de-eduardo-sacheri-relato-de-alejandro-apo/
2026-10-10 15:08:48,956 [WARNING] Intento 3/3 fallo para https://radiocut.fm/audiocut/el-piloto-de-combate-de-eduardo-sacheri-relato-de-alejandro-apo/
2026-10-10 15:08:49,009 [WARNING] Intento 1/3 fallo para https://radiocut.fm/audiocut/el-prostibulo-cuento-de-dalmiro-saenz-por-alejandro-apo/
2026-10-10 15:08:54,064 [WARNING] Intento 2/3 fallo para https://radiocut.fm/audiocut/el-prostibulo-cuento-de-dalmiro-saenz-por-alejandro-apo/
2026-10-10 15:08:59,112 [WARNING] Intento 3/3 fallo para https://radiocut.fm/audiocut/el-prostibulo-cuento-de-dalmiro-saenz-por-alejandro-apo/
2026-10-10 15:08:59,184 [WARNING] Intento 1/3 fallo para https://radiocut.fm/audiocut/el-river-del-bambino-una-anecdota-de-alejandro-apo-con-el-nano-arean/
2026-10-10 15:09:04,244 [WARNING] Intento 2/3 fallo para https://radiocut.fm/audiocut/el-river-del-bambino-una-anecdota-de-alejandro-apo-con-el-nano-arean/
2026-10-10 15:09:09,291 [WARNING] Intento 3/3 fallo para https://radiocut.fm/audiocut/el-river-del-bambino-una-anecdota-de-alejandro-apo-con-el-nano-arean/
2026-10-10 15:09:09,364 [WARNING] Intento 1/3 fallo para https://radiocut.fm/audiocut/en-paz-descansa-de-eduardo-sacheri-relato-de-alejandro-apo/
2026-10-10 15:09:14,422 [WARNING] Intento 2/3 fallo para https://radiocut.fm/audiocut/en-paz-descansa-de-eduardo-sacheri-relato-de-alejandro-apo/
2026-10-10 15:09:19,471 [WARNING] Intento 3/3 fallo para https://radiocut.fm/audiocut/en-paz-descansa-de-eduardo-sacheri-relato-de-alejandro-apo/
2026-10-10 15:09:19,553 [WARNING] Intento 1/3 fallo para https://radiocut.fm/audiocut/entrevista-a-alejandro-apo-en-gato-escaldado-domingo-11-01-2026/
2026-10-10 15:09:24,605 [WARNING] Intento 2/3 fallo para https://radiocut.fm/audiocut/entrevista-a-alejandro-apo-en-gato-escaldado-domingo-11-01-2026/
2026-10-10 15:09:29,650 [WARNING] Intento 3/3 fallo para https://radiocut.fm/audiocut/entrevista-a-alejandro-apo-en-gato-escaldado-domingo-11-01-2026/
2026-10-10 15:09:29,709 [WARNING] Intento 1/3 fallo para https://radiocut.fm/audiocut/entrevista-a-alejandro-apo-en-la-inmensa-minoria-radio-con-vos-sietecase/
2026-10-10 15:09:34,757 [WARNING] Intento 2/3 fallo para https://radiocut.fm/audiocut/entrevista-a-alejandro-apo-en-la-inmensa-minoria-radio-con-vos-sietecase/
2026-10-10 15:09:39,813 [WARNING] Intento 3/3 fallo para https://radiocut.fm/audiocut/entrevista-a-alejandro-apo-en-la-inmensa-minoria-radio-con-vos-sietecase/
2026-10-10 15:09:39,860 [WARNING] Intento 1/3 fallo para https://radiocut.fm/audiocut/entrevista-a-nadia-percovich-adesam-por-alejandro-apo-en-punto-de-encuentro/
2026-10-10 15:09:44,909 [WARNING] Intento 2/3 fallo para https://radiocut.fm/audiocut/entrevista-a-nadia-percovich-adesam-por-alejandro-apo-en-punto-de-encuentro/
2026-10-10 15:09:49,971 [WARNING] Intento 3/3 fallo para https://radiocut.fm/audiocut/entrevista-a-nadia-percovich-adesam-por-alejandro-apo-en-punto-de-encuentro/
2026-10-10 15:09:50,035 [WARNING] Intento 1/3 fallo para https://radiocut.fm/audiocut/entrevista-radio-la-patriada-programa-punto-de-encuentro-con-alejandro-apo-rafael-doorish/
2026-10-10 15:09:55,079 [WARNING] Intento 2/3 fallo para https://radiocut.fm/audiocut/entrevista-radio-la-patriada-programa-punto-de-encuentro-con-alejandro-apo-rafael-doorish/
2026-10-10 15:10:00,132 [WARNING] Intento 3/3 fallo para https://radiocut.fm/audiocut/entrevista-radio-la-patriada-programa-punto-de-encuentro-con-alejandro-apo-rafael-doorish/
2026-10-10 15:10:00,176 [WARNING] Intento 1/3 fallo para https://radiocut.fm/audiocut/fotos-viejas-de-eduardo-sacheri-relato-de-alejandro-apo/
2026-10-10 15:10:05,229 [WARNING] Intento 2/3 fallo para https://radiocut.fm/audiocut/fotos-viejas-de-eduardo-sacheri-relato-de-alejandro-apo/
2026-10-10 15:10:10,282 [WARNING] Intento 3/3 fallo para https://radiocut.fm/audiocut/fotos-viejas-de-eduardo-sacheri-relato-de-alejandro-apo/
2026-10-10 15:10:10,327 [WARNING] Intento 1/3 fallo para https://radiocut.fm/audiocut/geografia-de-3ro-eduardo-sacheri-voz-alejandro-apo/
2026-10-10 15:10:15,398 [WARNING] Intento 2/3 fallo para https://radiocut.fm/audiocut/geografia-de-3ro-eduardo-sacheri-voz-alejandro-apo/
2026-10-10 15:10:20,444 [WARNING] Intento 3/3 fallo para https://radiocut.fm/audiocut/geografia-de-3ro-eduardo-sacheri-voz-alejandro-apo/
2026-10-10 15:10:20,489 [WARNING] Intento 1/3 fallo para https://radiocut.fm/audiocut/hoy-alejandro-apo-no-relata-cuento-cuestion-fe-roberto-fontanarrosa/
2026-10-10 15:10:25,532 [WARNING] Intento 2/3 fallo para https://radiocut.fm/audiocut/hoy-alejandro-apo-no-relata-cuento-cuestion-fe-roberto-fontanarrosa/
2026-10-10 15:10:30,578 [WARNING] Intento 3/3 fallo para https://radiocut.fm/audiocut/hoy-alejandro-apo-no-relata-cuento-cuestion-fe-roberto-fontanarrosa/
2026-10-10 15:10:30,634 [WARNING] Intento 1/3 fallo para https://radiocut.fm/audiocut/hoy-un-poema-de-maria-elena-walsh-por-alejandro-apo/
2026-10-10 15:10:35,725 [WARNING] Intento 2/3 fallo para https://radiocut.fm/audiocut/hoy-un-poema-de-maria-elena-walsh-por-alejandro-apo/
2026-10-10 15:10:40,773 [WARNING] Intento 3/3 fallo para https://radiocut.fm/audiocut/hoy-un-poema-de-maria-elena-walsh-por-alejandro-apo/
2026-10-10 15:10:40,832 [WARNING] Intento 1/3 fallo para https://radiocut.fm/audiocut/indio-zabala-converso-con-alejandro-apo/
2026-10-10 15:10:45,891 [WARNING] Intento 2/3 fallo para https://radiocut.fm/audiocut/indio-zabala-converso-con-alejandro-apo/
2026-10-10 15:10:50,939 [WARNING] Intento 3/3 fallo para https://radiocut.fm/audiocut/indio-zabala-converso-con-alejandro-apo/
2026-10-10 15:10:50,995 [WARNING] Intento 1/3 fallo para https://radiocut.fm/audiocut/instrucciones-para-elegir-en-un-picado-de-alejandro-dolina-por-alejandro-apo/
2026-10-10 15:10:56,046 [WARNING] Intento 2/3 fallo para https://radiocut.fm/audiocut/instrucciones-para-elegir-en-un-picado-de-alejandro-dolina-por-alejandro-apo/
2026-10-10 15:11:01,105 [WARNING] Intento 3/3 fallo para https://radiocut.fm/audiocut/instrucciones-para-elegir-en-un-picado-de-alejandro-dolina-por-alejandro-apo/
2026-10-10 15:11:01,159 [WARNING] Intento 1/3 fallo para https://radiocut.fm/audiocut/la-fruta-en-el-fondo-del-tazon-de-ray-bradbury-relato-de-alejandro-apo/
2026-10-10 15:11:06,213 [WARNING] Intento 2/3 fallo para https://radiocut.fm/audiocut/la-fruta-en-el-fondo-del-tazon-de-ray-bradbury-relato-de-alejandro-apo/
2026-10-10 15:11:11,263 [WARNING] Intento 3/3 fallo para https://radiocut.fm/audiocut/la-fruta-en-el-fondo-del-tazon-de-ray-bradbury-relato-de-alejandro-apo/
2026-10-10 15:11:11,320 [WARNING] Intento 1/3 fallo para https://radiocut.fm/audiocut/la-guerra-y-la-paz-de-mario-benedetti-relato-de-alejandro-apo/
2026-10-10 15:11:16,372 [WARNING] Intento 2/3 fallo para https://radiocut.fm/audiocut/la-guerra-y-la-paz-de-mario-benedetti-relato-de-alejandro-apo/
2026-10-10 15:11:21,418 [WARNING] Intento 3/3 fallo para https://radiocut.fm/audiocut/la-guerra-y-la-paz-de-mario-benedetti-relato-de-alejandro-apo/
2026-10-10 15:11:21,464 [WARNING] Intento 1/3 fallo para https://radiocut.fm/audiocut/la-verdad-sobre-el-transbordador-columbia-de-r-fontanarrosa-relato-de-alejandro-apo/
2026-10-10 15:11:26,510 [WARNING] Intento 2/3 fallo para https://radiocut.fm/audiocut/la-verdad-sobre-el-transbordador-columbia-de-r-fontanarrosa-relato-de-alejandro-apo/
2026-10-10 15:11:31,562 [WARNING] Intento 3/3 fallo para https://radiocut.fm/audiocut/la-verdad-sobre-el-transbordador-columbia-de-r-fontanarrosa-relato-de-alejandro-apo/
2026-10-10 15:11:31,620 [WARNING] Intento 1/3 fallo para https://radiocut.fm/audiocut/las-puertas-del-cielo-de-julio-cortazar-por-alejandro-apo/
2026-10-10 15:11:36,678 [WARNING] Intento 2/3 fallo para https://radiocut.fm/audiocut/las-puertas-del-cielo-de-julio-cortazar-por-alejandro-apo/
2026-10-10 15:11:41,730 [WARNING] Intento 3/3 fallo para https://radiocut.fm/audiocut/las-puertas-del-cielo-de-julio-cortazar-por-alejandro-apo/
2026-10-10 15:11:41,790 [WARNING] Intento 1/3 fallo para https://radiocut.fm/audiocut/liliana-llorando-de-julio-cortazar-relato-de-alejandro-apo/
2026-10-10 15:11:46,847 [WARNING] Intento 2/3 fallo para https://radiocut.fm/audiocut/liliana-llorando-de-julio-cortazar-relato-de-alejandro-apo/
2026-10-10 15:11:51,894 [WARNING] Intento 3/3 fallo para https://radiocut.fm/audiocut/liliana-llorando-de-julio-cortazar-relato-de-alejandro-apo/
2026-10-10 15:11:51,944 [WARNING] Intento 1/3 fallo para https://radiocut.fm/audiocut/los-heraldos-negros-de-roberto-fontanarrosa-por-alejandro-apo/
2026-10-10 15:11:57,001 [WARNING] Intento 2/3 fallo para https://radiocut.fm/audiocut/los-heraldos-negros-de-roberto-fontanarrosa-por-alejandro-apo/
2026-10-10 15:12:02,045 [WARNING] Intento 3/3 fallo para https://radiocut.fm/audiocut/los-heraldos-negros-de-roberto-fontanarrosa-por-alejandro-apo/
2026-10-10 15:12:02,101 [WARNING] Intento 1/3 fallo para https://radiocut.fm/audiocut/los-mejores-de-siempre-con-alejandro-apo/
2026-10-10 15:12:07,159 [WARNING] Intento 2/3 fallo para https://radiocut.fm/audiocut/los-mejores-de-siempre-con-alejandro-apo/
2026-10-10 15:12:12,204 [WARNING] Intento 3/3 fallo para https://radiocut.fm/audiocut/los-mejores-de-siempre-con-alejandro-apo/
2026-10-10 15:12:12,252 [WARNING] Intento 1/3 fallo para https://radiocut.fm/audiocut/lucha-por-playon-alejandro-apo/
2026-10-10 15:12:17,306 [WARNING] Intento 2/3 fallo para https://radiocut.fm/audiocut/lucha-por-playon-alejandro-apo/
2026-10-10 15:12:22,379 [WARNING] Intento 3/3 fallo para https://radiocut.fm/audiocut/lucha-por-playon-alejandro-apo/
2026-10-10 15:12:22,428 [WARNING] Intento 1/3 fallo para https://radiocut.fm/audiocut/mama-de-roberto-fontanarrosa-por-alejandro-apo/
2026-10-10 15:12:27,474 [WARNING] Intento 2/3 fallo para https://radiocut.fm/audiocut/mama-de-roberto-fontanarrosa-por-alejandro-apo/
2026-10-10 15:12:32,526 [WARNING] Intento 3/3 fallo para https://radiocut.fm/audiocut/mama-de-roberto-fontanarrosa-por-alejandro-apo/
2026-10-10 15:12:32,580 [WARNING] Intento 1/3 fallo para https://radiocut.fm/audiocut/mami-contame-un-cuento-por-alejandro-apo-en-la-casa-invita-por-am-750/
2026-10-10 15:12:37,626 [WARNING] Intento 2/3 fallo para https://radiocut.fm/audiocut/mami-contame-un-cuento-por-alejandro-apo-en-la-casa-invita-por-am-750/
2026-10-10 15:12:42,721 [WARNING] Intento 3/3 fallo para https://radiocut.fm/audiocut/mami-contame-un-cuento-por-alejandro-apo-en-la-casa-invita-por-am-750/
2026-10-10 15:12:42,774 [WARNING] Intento 1/3 fallo para https://radiocut.fm/audiocut/maud-emprende-el-vuelo-de-fontanarrosa-relato-de-alejandro-apo/
2026-10-10 15:12:47,821 [WARNING] Intento 2/3 fallo para https://radiocut.fm/audiocut/maud-emprende-el-vuelo-de-fontanarrosa-relato-de-alejandro-apo/
2026-10-10 15:12:52,866 [WARNING] Intento 3/3 fallo para https://radiocut.fm/audiocut/maud-emprende-el-vuelo-de-fontanarrosa-relato-de-alejandro-apo/
2026-10-10 15:12:52,922 [WARNING] Intento 1/3 fallo para https://radiocut.fm/audiocut/me-van-a-tener-disculpar-eduardo-sacheri-y-alejandro-apo/
2026-10-10 15:12:57,971 [WARNING] Intento 2/3 fallo para https://radiocut.fm/audiocut/me-van-a-tener-disculpar-eduardo-sacheri-y-alejandro-apo/
2026-10-10 15:13:03,018 [WARNING] Intento 3/3 fallo para https://radiocut.fm/audiocut/me-van-a-tener-disculpar-eduardo-sacheri-y-alejandro-apo/
2026-10-10 15:13:03,073 [WARNING] Intento 1/3 fallo para https://radiocut.fm/audiocut/me-van-a-tener-que-disculpar-de-eduardo-sacheri-por-alejandro-apo/
2026-10-10 15:13:08,117 [WARNING] Intento 2/3 fallo para https://radiocut.fm/audiocut/me-van-a-tener-que-disculpar-de-eduardo-sacheri-por-alejandro-apo/
2026-10-10 15:13:13,164 [WARNING] Intento 3/3 fallo para https://radiocut.fm/audiocut/me-van-a-tener-que-disculpar-de-eduardo-sacheri-por-alejandro-apo/
2026-10-10 15:13:13,231 [WARNING] Intento 1/3 fallo para https://radiocut.fm/audiocut/mi-amigo-mickey-de-fontanarrosa-por-alejandro-apo/
2026-10-10 15:13:18,289 [WARNING] Intento 2/3 fallo para https://radiocut.fm/audiocut/mi-amigo-mickey-de-fontanarrosa-por-alejandro-apo/
2026-10-10 15:13:23,339 [WARNING] Intento 3/3 fallo para https://radiocut.fm/audiocut/mi-amigo-mickey-de-fontanarrosa-por-alejandro-apo/
2026-10-10 15:13:23,412 [WARNING] Intento 1/3 fallo para https://radiocut.fm/audiocut/mi-padre-y-general-alejandro-apo/
2026-10-10 15:13:28,465 [WARNING] Intento 2/3 fallo para https://radiocut.fm/audiocut/mi-padre-y-general-alejandro-apo/
2026-10-10 15:13:33,514 [WARNING] Intento 3/3 fallo para https://radiocut.fm/audiocut/mi-padre-y-general-alejandro-apo/
2026-10-10 15:13:33,569 [WARNING] Intento 1/3 fallo para https://radiocut.fm/audiocut/nico-descalzo-con-alejandro-apo/
2026-10-10 15:13:38,628 [WARNING] Intento 2/3 fallo para https://radiocut.fm/audiocut/nico-descalzo-con-alejandro-apo/
2026-10-10 15:13:43,708 [WARNING] Intento 3/3 fallo para https://radiocut.fm/audiocut/nico-descalzo-con-alejandro-apo/
2026-10-10 15:13:43,756 [WARNING] Intento 1/3 fallo para https://radiocut.fm/audiocut/pasatiempo-poema-mario-benedetti-relato-de-alejandro-apo/
2026-10-10 15:13:48,811 [WARNING] Intento 2/3 fallo para https://radiocut.fm/audiocut/pasatiempo-poema-mario-benedetti-relato-de-alejandro-apo/
2026-10-10 15:13:53,886 [WARNING] Intento 3/3 fallo para https://radiocut.fm/audiocut/pasatiempo-poema-mario-benedetti-relato-de-alejandro-apo/
2026-10-10 15:13:53,935 [WARNING] Intento 1/3 fallo para https://radiocut.fm/audiocut/pase-programa-entre-hugo-lamadrid-y-alejandro-apo-en-carentes-talento/
2026-10-10 15:13:58,983 [WARNING] Intento 2/3 fallo para https://radiocut.fm/audiocut/pase-programa-entre-hugo-lamadrid-y-alejandro-apo-en-carentes-talento/
2026-10-10 15:14:04,033 [WARNING] Intento 3/3 fallo para https://radiocut.fm/audiocut/pase-programa-entre-hugo-lamadrid-y-alejandro-apo-en-carentes-talento/
2026-10-10 15:14:04,081 [WARNING] Intento 1/3 fallo para https://radiocut.fm/audiocut/reuniones-de-egresados-de-eduardo-sacheri-relato-de-alejandro-apo/
2026-10-10 15:14:09,136 [WARNING] Intento 2/3 fallo para https://radiocut.fm/audiocut/reuniones-de-egresados-de-eduardo-sacheri-relato-de-alejandro-apo/
2026-10-10 15:14:14,183 [WARNING] Intento 3/3 fallo para https://radiocut.fm/audiocut/reuniones-de-egresados-de-eduardo-sacheri-relato-de-alejandro-apo/
2026-10-10 15:14:14,235 [WARNING] Intento 1/3 fallo para https://radiocut.fm/audiocut/roberto-fontanarrosa-19-de-diciembre-de-1971-el-viejo-casales-lee-el-gran-alejandro-apo/
2026-10-10 15:14:19,293 [WARNING] Intento 2/3 fallo para https://radiocut.fm/audiocut/roberto-fontanarrosa-19-de-diciembre-de-1971-el-viejo-casales-lee-el-gran-alejandro-apo/
2026-10-10 15:14:24,340 [WARNING] Intento 3/3 fallo para https://radiocut.fm/audiocut/roberto-fontanarrosa-19-de-diciembre-de-1971-el-viejo-casales-lee-el-gran-alejandro-apo/
2026-10-10 15:14:24,387 [WARNING] Intento 1/3 fallo para https://radiocut.fm/audiocut/saludo-solidario-victor-hugo-y-alejandro-apo-a-jesus-emiliano-en-radio-nacional/
2026-10-10 15:14:29,450 [WARNING] Intento 2/3 fallo para https://radiocut.fm/audiocut/saludo-solidario-victor-hugo-y-alejandro-apo-a-jesus-emiliano-en-radio-nacional/
2026-10-10 15:14:34,503 [WARNING] Intento 3/3 fallo para https://radiocut.fm/audiocut/saludo-solidario-victor-hugo-y-alejandro-apo-a-jesus-emiliano-en-radio-nacional/
2026-10-10 15:14:34,553 [WARNING] Intento 1/3 fallo para https://radiocut.fm/audiocut/senor-labruna-de-de-rodolfo-braceli-historia-narrada-por-alejandro-apo/
2026-10-10 15:14:39,632 [WARNING] Intento 2/3 fallo para https://radiocut.fm/audiocut/senor-labruna-de-de-rodolfo-braceli-historia-narrada-por-alejandro-apo/
2026-10-10 15:14:44,688 [WARNING] Intento 3/3 fallo para https://radiocut.fm/audiocut/senor-labruna-de-de-rodolfo-braceli-historia-narrada-por-alejandro-apo/
2026-10-10 15:14:44,732 [WARNING] Intento 1/3 fallo para https://radiocut.fm/audiocut/sinceramente-cfk-en-voz-alejandro-apo/
2026-10-10 15:14:49,804 [WARNING] Intento 2/3 fallo para https://radiocut.fm/audiocut/sinceramente-cfk-en-voz-alejandro-apo/
2026-10-10 15:14:54,852 [WARNING] Intento 3/3 fallo para https://radiocut.fm/audiocut/sinceramente-cfk-en-voz-alejandro-apo/
2026-10-10 15:14:54,896 [WARNING] Intento 1/3 fallo para https://radiocut.fm/audiocut/superclasico-gol-de-river-pratto-relato-de-vhmok-victor-hugo-y-alejandro-apo/
2026-10-10 15:14:59,945 [WARNING] Intento 2/3 fallo para https://radiocut.fm/audiocut/superclasico-gol-de-river-pratto-relato-de-vhmok-victor-hugo-y-alejandro-apo/
2026-10-10 15:15:04,998 [WARNING] Intento 3/3 fallo para https://radiocut.fm/audiocut/superclasico-gol-de-river-pratto-relato-de-vhmok-victor-hugo-y-alejandro-apo/
2026-10-10 15:15:05,047 [WARNING] Intento 1/3 fallo para https://radiocut.fm/audiocut/tactica-y-estrategia-de-la-escondida-de-alejandro-dolina-relato-de-alejandro-apo/
2026-10-10 15:15:10,098 [WARNING] Intento 2/3 fallo para https://radiocut.fm/audiocut/tactica-y-estrategia-de-la-escondida-de-alejandro-dolina-relato-de-alejandro-apo/
2026-10-10 15:15:15,146 [WARNING] Intento 3/3 fallo para https://radiocut.fm/audiocut/tactica-y-estrategia-de-la-escondida-de-alejandro-dolina-relato-de-alejandro-apo/
2026-10-10 15:15:15,205 [WARNING] Intento 1/3 fallo para https://radiocut.fm/audiocut/te-conozco-mendizabal-cuento-de-eduardo-sacheri-relato-de-alejandro-apo/
2026-10-10 15:15:20,256 [WARNING] Intento 2/3 fallo para https://radiocut.fm/audiocut/te-conozco-mendizabal-cuento-de-eduardo-sacheri-relato-de-alejandro-apo/
2026-10-10 15:15:25,312 [WARNING] Intento 3/3 fallo para https://radiocut.fm/audiocut/te-conozco-mendizabal-cuento-de-eduardo-sacheri-relato-de-alejandro-apo/
2026-10-10 15:15:25,358 [WARNING] Intento 1/3 fallo para https://radiocut.fm/audiocut/te-conte-la-del-gordo-luis-cuando-hizo-de-papa-noel-de-roberto-fontanarrosa-por-alejandro-apo/
2026-10-10 15:15:30,404 [WARNING] Intento 2/3 fallo para https://radiocut.fm/audiocut/te-conte-la-del-gordo-luis-cuando-hizo-de-papa-noel-de-roberto-fontanarrosa-por-alejandro-apo/
2026-10-10 15:15:35,460 [WARNING] Intento 3/3 fallo para https://radiocut.fm/audiocut/te-conte-la-del-gordo-luis-cuando-hizo-de-papa-noel-de-roberto-fontanarrosa-por-alejandro-apo/
2026-10-10 15:15:35,512 [WARNING] Intento 1/3 fallo para https://radiocut.fm/audiocut/te-digo-mas-del-gran-negro-fontanarrosa-relato-de-alejandro-apo/
2026-10-10 15:15:40,565 [WARNING] Intento 2/3 fallo para https://radiocut.fm/audiocut/te-digo-mas-del-gran-negro-fontanarrosa-relato-de-alejandro-apo/
2026-10-10 15:15:45,613 [WARNING] Intento 3/3 fallo para https://radiocut.fm/audiocut/te-digo-mas-del-gran-negro-fontanarrosa-relato-de-alejandro-apo/
2026-10-10 15:15:45,663 [WARNING] Intento 1/3 fallo para https://radiocut.fm/audiocut/te-digo-mas-roberto-fontanarrosa-por-alejandro-apo/
2026-10-10 15:15:50,724 [WARNING] Intento 2/3 fallo para https://radiocut.fm/audiocut/te-digo-mas-roberto-fontanarrosa-por-alejandro-apo/
2026-10-10 15:15:55,778 [WARNING] Intento 3/3 fallo para https://radiocut.fm/audiocut/te-digo-mas-roberto-fontanarrosa-por-alejandro-apo/
2026-10-10 15:15:55,854 [WARNING] Intento 1/3 fallo para https://radiocut.fm/audiocut/tengo-miedo-alejandro-apo-lee-raices-de-mariana-torres-seleccion-seba-ronchetti/
2026-10-10 15:16:00,907 [WARNING] Intento 2/3 fallo para https://radiocut.fm/audiocut/tengo-miedo-alejandro-apo-lee-raices-de-mariana-torres-seleccion-seba-ronchetti/
2026-10-10 15:16:05,955 [WARNING] Intento 3/3 fallo para https://radiocut.fm/audiocut/tengo-miedo-alejandro-apo-lee-raices-de-mariana-torres-seleccion-seba-ronchetti/
2026-10-10 15:16:06,005 [WARNING] Intento 1/3 fallo para https://radiocut.fm/audiocut/ultima-batalla-en-voz-alejandro-apo/
2026-10-10 15:16:11,057 [WARNING] Intento 2/3 fallo para https://radiocut.fm/audiocut/ultima-batalla-en-voz-alejandro-apo/
2026-10-10 15:16:16,111 [WARNING] Intento 3/3 fallo para https://radiocut.fm/audiocut/ultima-batalla-en-voz-alejandro-apo/
2026-10-10 15:16:16,162 [WARNING] Intento 1/3 fallo para https://radiocut.fm/audiocut/un-senor-cuento-1/
2026-10-10 15:16:21,210 [WARNING] Intento 2/3 fallo para https://radiocut.fm/audiocut/un-senor-cuento-1/
2026-10-10 15:16:26,264 [WARNING] Intento 3/3 fallo para https://radiocut.fm/audiocut/un-senor-cuento-1/
2026-10-10 15:16:26,340 [WARNING] Intento 1/3 fallo para https://radiocut.fm/audiocut/un-senor-cuento-alejandro-apo-1/
2026-10-10 15:16:31,391 [WARNING] Intento 2/3 fallo para https://radiocut.fm/audiocut/un-senor-cuento-alejandro-apo-1/
2026-10-10 15:16:36,451 [WARNING] Intento 3/3 fallo para https://radiocut.fm/audiocut/un-senor-cuento-alejandro-apo-1/
2026-10-10 15:16:36,499 [WARNING] Intento 1/3 fallo para https://radiocut.fm/audiocut/un-senor-cuento-alejandro-apo/
2026-10-10 15:16:41,545 [WARNING] Intento 2/3 fallo para https://radiocut.fm/audiocut/un-senor-cuento-alejandro-apo/
2026-10-10 15:16:46,611 [WARNING] Intento 3/3 fallo para https://radiocut.fm/audiocut/un-senor-cuento-alejandro-apo/
2026-10-10 15:16:46,657 [WARNING] Intento 1/3 fallo para https://radiocut.fm/audiocut/un-senor-cuento-el-fin-de-jorge-luis-borges-por-alejandro-apo-la-casa-invita-am-750/
2026-10-10 15:16:51,711 [WARNING] Intento 2/3 fallo para https://radiocut.fm/audiocut/un-senor-cuento-el-fin-de-jorge-luis-borges-por-alejandro-apo-la-casa-invita-am-750/
2026-10-10 15:16:56,772 [WARNING] Intento 3/3 fallo para https://radiocut.fm/audiocut/un-senor-cuento-el-fin-de-jorge-luis-borges-por-alejandro-apo-la-casa-invita-am-750/
2026-10-10 15:16:56,816 [WARNING] Intento 1/3 fallo para https://radiocut.fm/audiocut/un-senor-cuento-en-la-casa-invita-am-750-por-alejandro-apo-en-paz-descansa-de-eduardo-sacheri/
2026-10-10 15:17:01,882 [WARNING] Intento 2/3 fallo para https://radiocut.fm/audiocut/un-senor-cuento-en-la-casa-invita-am-750-por-alejandro-apo-en-paz-descansa-de-eduardo-sacheri/
2026-10-10 15:17:06,926 [WARNING] Intento 3/3 fallo para https://radiocut.fm/audiocut/un-senor-cuento-en-la-casa-invita-am-750-por-alejandro-apo-en-paz-descansa-de-eduardo-sacheri/
2026-10-10 15:17:06,974 [WARNING] Intento 1/3 fallo para https://radiocut.fm/audiocut/un-senor-cuento-en-la-casa-invita-am-750-por-alejandro-apo-esa-mujer-de-rodolfo-walsh/
2026-10-10 15:17:12,027 [WARNING] Intento 2/3 fallo para https://radiocut.fm/audiocut/un-senor-cuento-en-la-casa-invita-am-750-por-alejandro-apo-esa-mujer-de-rodolfo-walsh/
2026-10-10 15:17:17,076 [WARNING] Intento 3/3 fallo para https://radiocut.fm/audiocut/un-senor-cuento-en-la-casa-invita-am-750-por-alejandro-apo-esa-mujer-de-rodolfo-walsh/
2026-10-10 15:17:17,137 [WARNING] Intento 1/3 fallo para https://radiocut.fm/audiocut/un-senor-cuento-en-la-casa-invita-am-750-por-alejandro-apo-lezamita-de-fontanarrosa/
2026-10-10 15:17:22,184 [WARNING] Intento 2/3 fallo para https://radiocut.fm/audiocut/un-senor-cuento-en-la-casa-invita-am-750-por-alejandro-apo-lezamita-de-fontanarrosa/
2026-10-10 15:17:27,231 [WARNING] Intento 3/3 fallo para https://radiocut.fm/audiocut/un-senor-cuento-en-la-casa-invita-am-750-por-alejandro-apo-lezamita-de-fontanarrosa/
2026-10-10 15:17:27,290 [WARNING] Intento 1/3 fallo para https://radiocut.fm/audiocut/un-senor-cuento-en-la-casa-invita-am-750-por-alejandro-apo-te-conozco-mendizabal-de-sacheri/
2026-10-10 15:17:32,347 [WARNING] Intento 2/3 fallo para https://radiocut.fm/audiocut/un-senor-cuento-en-la-casa-invita-am-750-por-alejandro-apo-te-conozco-mendizabal-de-sacheri/
2026-10-10 15:17:37,391 [WARNING] Intento 3/3 fallo para https://radiocut.fm/audiocut/un-senor-cuento-en-la-casa-invita-am-750-por-alejandro-apo-te-conozco-mendizabal-de-sacheri/
2026-10-10 15:17:37,436 [WARNING] Intento 1/3 fallo para https://radiocut.fm/audiocut/un-senor-cuento-en-la-casa-invita-am-750-por-alejandro-apo-te-digo-mas-de-fontanarrosa/
2026-10-10 15:17:42,491 [WARNING] Intento 2/3 fallo para https://radiocut.fm/audiocut/un-senor-cuento-en-la-casa-invita-am-750-por-alejandro-apo-te-digo-mas-de-fontanarrosa/
2026-10-10 15:17:47,563 [WARNING] Intento 3/3 fallo para https://radiocut.fm/audiocut/un-senor-cuento-en-la-casa-invita-am-750-por-alejandro-apo-te-digo-mas-de-fontanarrosa/
2026-10-10 15:17:47,608 [WARNING] Intento 1/3 fallo para https://radiocut.fm/audiocut/un-senor-cuento-en-la-casa-invita-am-750-por-alejandro-apo-torito-de-julio-cortazar/
2026-10-10 15:17:52,655 [WARNING] Intento 2/3 fallo para https://radiocut.fm/audiocut/un-senor-cuento-en-la-casa-invita-am-750-por-alejandro-apo-torito-de-julio-cortazar/
2026-10-10 15:17:57,700 [WARNING] Intento 3/3 fallo para https://radiocut.fm/audiocut/un-senor-cuento-en-la-casa-invita-am-750-por-alejandro-apo-torito-de-julio-cortazar/
2026-10-10 15:17:57,745 [WARNING] Intento 1/3 fallo para https://radiocut.fm/audiocut/un-senor-cuento-en-la-casa-invita-am-750-por-alejandro-apo-un-muerto-de-jorge-luis-borges/
2026-10-10 15:18:02,793 [WARNING] Intento 2/3 fallo para https://radiocut.fm/audiocut/un-senor-cuento-en-la-casa-invita-am-750-por-alejandro-apo-un-muerto-de-jorge-luis-borges/
2026-10-10 15:18:07,848 [WARNING] Intento 3/3 fallo para https://radiocut.fm/audiocut/un-senor-cuento-en-la-casa-invita-am-750-por-alejandro-apo-un-muerto-de-jorge-luis-borges/
2026-10-10 15:18:07,901 [WARNING] Intento 1/3 fallo para https://radiocut.fm/audiocut/un-senor-cuento-en-la-casa-invita-am-750-por-apo-requiem-con-tostadas-de-mario-benedetti/
2026-10-10 15:18:12,961 [WARNING] Intento 2/3 fallo para https://radiocut.fm/audiocut/un-senor-cuento-en-la-casa-invita-am-750-por-apo-requiem-con-tostadas-de-mario-benedetti/
2026-10-10 15:18:18,010 [WARNING] Intento 3/3 fallo para https://radiocut.fm/audiocut/un-senor-cuento-en-la-casa-invita-am-750-por-apo-requiem-con-tostadas-de-mario-benedetti/
2026-10-10 15:18:18,055 [WARNING] Intento 1/3 fallo para https://radiocut.fm/audiocut/un-senor-cuento-en-la-casa-invita-am750-hoy-19-de-diciembre-de-1971-del-negro-fontanarrosa/
2026-10-10 15:18:23,107 [WARNING] Intento 2/3 fallo para https://radiocut.fm/audiocut/un-senor-cuento-en-la-casa-invita-am750-hoy-19-de-diciembre-de-1971-del-negro-fontanarrosa/
2026-10-10 15:18:28,153 [WARNING] Intento 3/3 fallo para https://radiocut.fm/audiocut/un-senor-cuento-en-la-casa-invita-am750-hoy-19-de-diciembre-de-1971-del-negro-fontanarrosa/
2026-10-10 15:18:28,208 [WARNING] Intento 1/3 fallo para https://radiocut.fm/audiocut/un-senor-cuento-en-la-casa-invita-am750-hoy-como-se-salvo-wang-fo-de-yourcenal-margarite/
2026-10-10 15:18:33,258 [WARNING] Intento 2/3 fallo para https://radiocut.fm/audiocut/un-senor-cuento-en-la-casa-invita-am750-hoy-como-se-salvo-wang-fo-de-yourcenal-margarite/
2026-10-10 15:18:38,306 [WARNING] Intento 3/3 fallo para https://radiocut.fm/audiocut/un-senor-cuento-en-la-casa-invita-am750-hoy-como-se-salvo-wang-fo-de-yourcenal-margarite/
2026-10-10 15:18:38,359 [WARNING] Intento 1/3 fallo para https://radiocut.fm/audiocut/un-senor-cuento-en-la-casa-invita-am750-hoy-emma-zunz-de-jorge-luis-borges/
2026-10-10 15:18:43,404 [WARNING] Intento 2/3 fallo para https://radiocut.fm/audiocut/un-senor-cuento-en-la-casa-invita-am750-hoy-emma-zunz-de-jorge-luis-borges/
2026-10-10 15:18:48,464 [WARNING] Intento 3/3 fallo para https://radiocut.fm/audiocut/un-senor-cuento-en-la-casa-invita-am750-hoy-emma-zunz-de-jorge-luis-borges/
2026-10-10 15:18:48,518 [WARNING] Intento 1/3 fallo para https://radiocut.fm/audiocut/un-senor-cuento-en-la-casa-invita-am750-hoy-geografia-de-tercero-de-eduardo-sacheri/
2026-10-10 15:18:53,566 [WARNING] Intento 2/3 fallo para https://radiocut.fm/audiocut/un-senor-cuento-en-la-casa-invita-am750-hoy-geografia-de-tercero-de-eduardo-sacheri/
2026-10-10 15:18:58,615 [WARNING] Intento 3/3 fallo para https://radiocut.fm/audiocut/un-senor-cuento-en-la-casa-invita-am750-hoy-geografia-de-tercero-de-eduardo-sacheri/
2026-10-10 15:18:58,676 [WARNING] Intento 1/3 fallo para https://radiocut.fm/audiocut/un-senor-cuento-en-la-casa-invita-am750-hoy-jules-y-jim-de-mario-benedetti/
2026-10-10 15:19:03,723 [WARNING] Intento 2/3 fallo para https://radiocut.fm/audiocut/un-senor-cuento-en-la-casa-invita-am750-hoy-jules-y-jim-de-mario-benedetti/
2026-10-10 15:19:08,777 [WARNING] Intento 3/3 fallo para https://radiocut.fm/audiocut/un-senor-cuento-en-la-casa-invita-am750-hoy-jules-y-jim-de-mario-benedetti/
2026-10-10 15:19:08,829 [WARNING] Intento 1/3 fallo para https://radiocut.fm/audiocut/un-senor-cuento-en-la-casa-invita-am750-hoy-la-intrusa-de-jorge-luis-borges/
2026-10-10 15:19:13,881 [WARNING] Intento 2/3 fallo para https://radiocut.fm/audiocut/un-senor-cuento-en-la-casa-invita-am750-hoy-la-intrusa-de-jorge-luis-borges/
2026-10-10 15:19:18,943 [WARNING] Intento 3/3 fallo para https://radiocut.fm/audiocut/un-senor-cuento-en-la-casa-invita-am750-hoy-la-intrusa-de-jorge-luis-borges/
2026-10-10 15:19:18,988 [WARNING] Intento 1/3 fallo para https://radiocut.fm/audiocut/un-senor-cuento-en-la-casa-invita-am750-hoy-la-mujer-ilustrada-de-ray-bradbury/
2026-10-10 15:19:24,039 [WARNING] Intento 2/3 fallo para https://radiocut.fm/audiocut/un-senor-cuento-en-la-casa-invita-am750-hoy-la-mujer-ilustrada-de-ray-bradbury/
2026-10-10 15:19:29,096 [WARNING] Intento 3/3 fallo para https://radiocut.fm/audiocut/un-senor-cuento-en-la-casa-invita-am750-hoy-la-mujer-ilustrada-de-ray-bradbury/
2026-10-10 15:19:29,154 [WARNING] Intento 1/3 fallo para https://radiocut.fm/audiocut/un-senor-cuento-en-la-casa-invita-am750-hoy-me-van-a-tener-que-disculpar-de-eduardo-sacheri/
2026-10-10 15:19:34,236 [WARNING] Intento 2/3 fallo para https://radiocut.fm/audiocut/un-senor-cuento-en-la-casa-invita-am750-hoy-me-van-a-tener-que-disculpar-de-eduardo-sacheri/
2026-10-10 15:19:39,282 [WARNING] Intento 3/3 fallo para https://radiocut.fm/audiocut/un-senor-cuento-en-la-casa-invita-am750-hoy-me-van-a-tener-que-disculpar-de-eduardo-sacheri/
2026-10-10 15:19:39,329 [WARNING] Intento 1/3 fallo para https://radiocut.fm/audiocut/un-senor-cuento-en-la-casa-invita-am750-hoy-todo-el-verano-en-un-dia-ray-bradbury/
2026-10-10 15:19:44,380 [WARNING] Intento 2/3 fallo para https://radiocut.fm/audiocut/un-senor-cuento-en-la-casa-invita-am750-hoy-todo-el-verano-en-un-dia-ray-bradbury/
2026-10-10 15:19:49,426 [WARNING] Intento 3/3 fallo para https://radiocut.fm/audiocut/un-senor-cuento-en-la-casa-invita-am750-hoy-todo-el-verano-en-un-dia-ray-bradbury/
2026-10-10 15:19:49,492 [WARNING] Intento 1/3 fallo para https://radiocut.fm/audiocut/un-senor-cuento-en-la-casa-invita-am750-hoy-trenes-de-osvaldo-soriano/
2026-10-10 15:19:54,547 [WARNING] Intento 2/3 fallo para https://radiocut.fm/audiocut/un-senor-cuento-en-la-casa-invita-am750-hoy-trenes-de-osvaldo-soriano/
2026-10-10 15:19:59,591 [WARNING] Intento 3/3 fallo para https://radiocut.fm/audiocut/un-senor-cuento-en-la-casa-invita-am750-hoy-trenes-de-osvaldo-soriano/
2026-10-10 15:19:59,649 [WARNING] Intento 1/3 fallo para https://radiocut.fm/audiocut/un-senor-cuento-en-la-casa-invita-am750-hoy-un-hombre-de-experiencia-del-negro-fontanarrosa/
2026-10-10 15:20:04,708 [WARNING] Intento 2/3 fallo para https://radiocut.fm/audiocut/un-senor-cuento-en-la-casa-invita-am750-hoy-un-hombre-de-experiencia-del-negro-fontanarrosa/
2026-10-10 15:20:09,753 [WARNING] Intento 3/3 fallo para https://radiocut.fm/audiocut/un-senor-cuento-en-la-casa-invita-am750-hoy-un-hombre-de-experiencia-del-negro-fontanarrosa/
2026-10-10 15:20:09,798 [WARNING] Intento 1/3 fallo para https://radiocut.fm/audiocut/un-senor-cuento-en-la-casa-invita-am750-hoy-usted-no-me-lo-va-a-creer-de-roberto-fontanarrosa/
2026-10-10 15:20:14,850 [WARNING] Intento 2/3 fallo para https://radiocut.fm/audiocut/un-senor-cuento-en-la-casa-invita-am750-hoy-usted-no-me-lo-va-a-creer-de-roberto-fontanarrosa/
2026-10-10 15:20:19,896 [WARNING] Intento 3/3 fallo para https://radiocut.fm/audiocut/un-senor-cuento-en-la-casa-invita-am750-hoy-usted-no-me-lo-va-a-creer-de-roberto-fontanarrosa/
2026-10-10 15:20:19,941 [WARNING] Intento 1/3 fallo para https://radiocut.fm/audiocut/un-senor-cuento-en-la-casa-invita-por-am750-hoy-a-mi-nunca-me-dejaban-hablar-de-blaisten/
2026-10-10 15:20:24,995 [WARNING] Intento 2/3 fallo para https://radiocut.fm/audiocut/un-senor-cuento-en-la-casa-invita-por-am750-hoy-a-mi-nunca-me-dejaban-hablar-de-blaisten/
2026-10-10 15:20:30,049 [WARNING] Intento 3/3 fallo para https://radiocut.fm/audiocut/un-senor-cuento-en-la-casa-invita-por-am750-hoy-a-mi-nunca-me-dejaban-hablar-de-blaisten/
2026-10-10 15:20:30,100 [WARNING] Intento 1/3 fallo para https://radiocut.fm/audiocut/un-senor-cuento-en-la-casa-invita-por-am750-hoy-fotos-viejas-de-eduardo-sacheri/
2026-10-10 15:20:35,159 [WARNING] Intento 2/3 fallo para https://radiocut.fm/audiocut/un-senor-cuento-en-la-casa-invita-por-am750-hoy-fotos-viejas-de-eduardo-sacheri/
2026-10-10 15:20:40,211 [WARNING] Intento 3/3 fallo para https://radiocut.fm/audiocut/un-senor-cuento-en-la-casa-invita-por-am750-hoy-fotos-viejas-de-eduardo-sacheri/
2026-10-10 15:20:40,268 [WARNING] Intento 1/3 fallo para https://radiocut.fm/audiocut/un-senor-cuento-en-la-casa-invita-por-am750-hoy-la-madre-de-ernesto-de-abelardo-castillo/
2026-10-10 15:20:45,325 [WARNING] Intento 2/3 fallo para https://radiocut.fm/audiocut/un-senor-cuento-en-la-casa-invita-por-am750-hoy-la-madre-de-ernesto-de-abelardo-castillo/
2026-10-10 15:20:50,371 [WARNING] Intento 3/3 fallo para https://radiocut.fm/audiocut/un-senor-cuento-en-la-casa-invita-por-am750-hoy-la-madre-de-ernesto-de-abelardo-castillo/
2026-10-10 15:20:50,426 [WARNING] Intento 1/3 fallo para https://radiocut.fm/audiocut/un-senor-cuento-en-la-casa-invita-por-am750-hoy-los-pocillos-de-mario-benedetti/
2026-10-10 15:20:55,494 [WARNING] Intento 2/3 fallo para https://radiocut.fm/audiocut/un-senor-cuento-en-la-casa-invita-por-am750-hoy-los-pocillos-de-mario-benedetti/
2026-10-10 15:21:00,542 [WARNING] Intento 3/3 fallo para https://radiocut.fm/audiocut/un-senor-cuento-en-la-casa-invita-por-am750-hoy-los-pocillos-de-mario-benedetti/
2026-10-10 15:21:00,595 [WARNING] Intento 1/3 fallo para https://radiocut.fm/audiocut/un-senor-cuento-en-la-casa-invita-por-am750-hoy-sur-viejo-de-dalmiro-saenz/
2026-10-10 15:21:05,653 [WARNING] Intento 2/3 fallo para https://radiocut.fm/audiocut/un-senor-cuento-en-la-casa-invita-por-am750-hoy-sur-viejo-de-dalmiro-saenz/
2026-10-10 15:21:10,704 [WARNING] Intento 3/3 fallo para https://radiocut.fm/audiocut/un-senor-cuento-en-la-casa-invita-por-am750-hoy-sur-viejo-de-dalmiro-saenz/
2026-10-10 15:21:10,755 [WARNING] Intento 1/3 fallo para https://radiocut.fm/audiocut/un-senor-cuento-en-la-casa-invita-por-am750-hoy-veni-llorado-de-eduardo-belgrano-rawson/
2026-10-10 15:21:15,808 [WARNING] Intento 2/3 fallo para https://radiocut.fm/audiocut/un-senor-cuento-en-la-casa-invita-por-am750-hoy-veni-llorado-de-eduardo-belgrano-rawson/
2026-10-10 15:21:20,864 [WARNING] Intento 3/3 fallo para https://radiocut.fm/audiocut/un-senor-cuento-en-la-casa-invita-por-am750-hoy-veni-llorado-de-eduardo-belgrano-rawson/
2026-10-10 15:21:20,928 [WARNING] Intento 1/3 fallo para https://radiocut.fm/audiocut/un-senor-cuento-por-la-casa-invita-en-am750-hoy-el-penal-mas-largo-del-mundo-de-soriano/
2026-10-10 15:21:26,021 [WARNING] Intento 2/3 fallo para https://radiocut.fm/audiocut/un-senor-cuento-por-la-casa-invita-en-am750-hoy-el-penal-mas-largo-del-mundo-de-soriano/
2026-10-10 15:21:31,074 [WARNING] Intento 3/3 fallo para https://radiocut.fm/audiocut/un-senor-cuento-por-la-casa-invita-en-am750-hoy-el-penal-mas-largo-del-mundo-de-soriano/
2026-10-10 15:21:31,120 [WARNING] Intento 1/3 fallo para https://radiocut.fm/audiocut/un-senor-cuento-relatores-de-alejandro-dolina-por-alejandro-apo/
2026-10-10 15:21:36,181 [WARNING] Intento 2/3 fallo para https://radiocut.fm/audiocut/un-senor-cuento-relatores-de-alejandro-dolina-por-alejandro-apo/
2026-10-10 15:21:41,240 [WARNING] Intento 3/3 fallo para https://radiocut.fm/audiocut/un-senor-cuento-relatores-de-alejandro-dolina-por-alejandro-apo/
2026-10-10 15:21:41,293 [WARNING] Intento 1/3 fallo para https://radiocut.fm/audiocut/una-leccion-de-vida-del-negro-fontanarrosa-relato-de-alejandro-apo/
2026-10-10 15:21:46,353 [WARNING] Intento 2/3 fallo para https://radiocut.fm/audiocut/una-leccion-de-vida-del-negro-fontanarrosa-relato-de-alejandro-apo/
2026-10-10 15:21:51,403 [WARNING] Intento 3/3 fallo para https://radiocut.fm/audiocut/una-leccion-de-vida-del-negro-fontanarrosa-relato-de-alejandro-apo/
2026-10-10 15:21:51,452 [WARNING] Intento 1/3 fallo para https://radiocut.fm/audiocut/unasenorcuento-alejandroapo-en-lacasainvita-por-am750-hoy-madame-madeleine-saer/
2026-10-10 15:21:56,508 [WARNING] Intento 2/3 fallo para https://radiocut.fm/audiocut/unasenorcuento-alejandroapo-en-lacasainvita-por-am750-hoy-madame-madeleine-saer/
2026-10-10 15:22:01,563 [WARNING] Intento 3/3 fallo para https://radiocut.fm/audiocut/unasenorcuento-alejandroapo-en-lacasainvita-por-am750-hoy-madame-madeleine-saer/
2026-10-10 15:22:01,609 [WARNING] Intento 1/3 fallo para https://radiocut.fm/audiocut/unsenorcuento-alejadnro-apo-en-lacasainvita-por-am750-hoy-jorge-luis-borges/
2026-10-10 15:22:06,665 [WARNING] Intento 2/3 fallo para https://radiocut.fm/audiocut/unsenorcuento-alejadnro-apo-en-lacasainvita-por-am750-hoy-jorge-luis-borges/
2026-10-10 15:22:11,722 [WARNING] Intento 3/3 fallo para https://radiocut.fm/audiocut/unsenorcuento-alejadnro-apo-en-lacasainvita-por-am750-hoy-jorge-luis-borges/
2026-10-10 15:22:11,767 [WARNING] Intento 1/3 fallo para https://radiocut.fm/audiocut/unsenorcuento-alejandroapo-en-lacasainvita-por-am750-hoy-alejandro-dolina/
2026-10-10 15:22:16,836 [WARNING] Intento 2/3 fallo para https://radiocut.fm/audiocut/unsenorcuento-alejandroapo-en-lacasainvita-por-am750-hoy-alejandro-dolina/
2026-10-10 15:22:21,890 [WARNING] Intento 3/3 fallo para https://radiocut.fm/audiocut/unsenorcuento-alejandroapo-en-lacasainvita-por-am750-hoy-alejandro-dolina/
2026-10-10 15:22:21,936 [WARNING] Intento 1/3 fallo para https://radiocut.fm/audiocut/unsenorcuento-alejandroapo-en-lacasainvita-por-am750-hoy-desaparecio-abuelo/
2026-10-10 15:22:27,015 [WARNING] Intento 2/3 fallo para https://radiocut.fm/audiocut/unsenorcuento-alejandroapo-en-lacasainvita-por-am750-hoy-desaparecio-abuelo/
2026-10-10 15:22:32,068 [WARNING] Intento 3/3 fallo para https://radiocut.fm/audiocut/unsenorcuento-alejandroapo-en-lacasainvita-por-am750-hoy-desaparecio-abuelo/
2026-10-10 15:22:32,118 [WARNING] Intento 1/3 fallo para https://radiocut.fm/audiocut/unsenorcuento-alejandroapo-en-lacasainvita-por-am750-hoy-eduardo-sacheri-3/
2026-10-10 15:22:37,164 [WARNING] Intento 2/3 fallo para https://radiocut.fm/audiocut/unsenorcuento-alejandroapo-en-lacasainvita-por-am750-hoy-eduardo-sacheri-3/
2026-10-10 15:22:42,215 [WARNING] Intento 3/3 fallo para https://radiocut.fm/audiocut/unsenorcuento-alejandroapo-en-lacasainvita-por-am750-hoy-eduardo-sacheri-3/
2026-10-10 15:22:42,271 [WARNING] Intento 1/3 fallo para https://radiocut.fm/audiocut/unsenorcuento-alejandroapo-en-lacasainvita-por-am750-hoy-esa-mujer/
2026-10-10 15:22:47,319 [WARNING] Intento 2/3 fallo para https://radiocut.fm/audiocut/unsenorcuento-alejandroapo-en-lacasainvita-por-am750-hoy-esa-mujer/
2026-10-10 15:22:52,423 [WARNING] Intento 3/3 fallo para https://radiocut.fm/audiocut/unsenorcuento-alejandroapo-en-lacasainvita-por-am750-hoy-esa-mujer/
2026-10-10 15:22:52,478 [WARNING] Intento 1/3 fallo para https://radiocut.fm/audiocut/unsenorcuento-alejandroapo-en-lacasainvita-por-am750-hoy-frio-eduardo-sacheri/
2026-10-10 15:22:57,530 [WARNING] Intento 2/3 fallo para https://radiocut.fm/audiocut/unsenorcuento-alejandroapo-en-lacasainvita-por-am750-hoy-frio-eduardo-sacheri/
2026-10-10 15:23:02,581 [WARNING] Intento 3/3 fallo para https://radiocut.fm/audiocut/unsenorcuento-alejandroapo-en-lacasainvita-por-am750-hoy-frio-eduardo-sacheri/
2026-10-10 15:23:02,634 [WARNING] Intento 1/3 fallo para https://radiocut.fm/audiocut/unsenorcuento-alejandroapo-en-lacasainvita-por-am750-hoy-hay-mas-cosas-jorge-luis-borges/
2026-10-10 15:23:07,687 [WARNING] Intento 2/3 fallo para https://radiocut.fm/audiocut/unsenorcuento-alejandroapo-en-lacasainvita-por-am750-hoy-hay-mas-cosas-jorge-luis-borges/
2026-10-10 15:23:12,749 [WARNING] Intento 3/3 fallo para https://radiocut.fm/audiocut/unsenorcuento-alejandroapo-en-lacasainvita-por-am750-hoy-hay-mas-cosas-jorge-luis-borges/
2026-10-10 15:23:12,793 [WARNING] Intento 1/3 fallo para https://radiocut.fm/audiocut/unsenorcuento-alejandroapo-en-lacasainvita-por-am750-hoy-hijo-del-sheik-fontanarrosa/
2026-10-10 15:23:17,839 [WARNING] Intento 2/3 fallo para https://radiocut.fm/audiocut/unsenorcuento-alejandroapo-en-lacasainvita-por-am750-hoy-hijo-del-sheik-fontanarrosa/
2026-10-10 15:23:22,887 [WARNING] Intento 3/3 fallo para https://radiocut.fm/audiocut/unsenorcuento-alejandroapo-en-lacasainvita-por-am750-hoy-hijo-del-sheik-fontanarrosa/
2026-10-10 15:23:22,944 [WARNING] Intento 1/3 fallo para https://radiocut.fm/audiocut/unsenorcuento-alejandroapo-en-lacasainvita-por-am750-hoy-juan-diego-incardona/
2026-10-10 15:23:28,006 [WARNING] Intento 2/3 fallo para https://radiocut.fm/audiocut/unsenorcuento-alejandroapo-en-lacasainvita-por-am750-hoy-juan-diego-incardona/
2026-10-10 15:23:33,050 [WARNING] Intento 3/3 fallo para https://radiocut.fm/audiocut/unsenorcuento-alejandroapo-en-lacasainvita-por-am750-hoy-juan-diego-incardona/
2026-10-10 15:23:33,126 [WARNING] Intento 1/3 fallo para https://radiocut.fm/audiocut/unsenorcuento-alejandroapo-en-lacasainvita-por-am750-hoy-juan-francisco-vilches/
2026-10-10 15:23:38,171 [WARNING] Intento 2/3 fallo para https://radiocut.fm/audiocut/unsenorcuento-alejandroapo-en-lacasainvita-por-am750-hoy-juan-francisco-vilches/
2026-10-10 15:23:43,226 [WARNING] Intento 3/3 fallo para https://radiocut.fm/audiocut/unsenorcuento-alejandroapo-en-lacasainvita-por-am750-hoy-juan-francisco-vilches/
2026-10-10 15:23:43,280 [WARNING] Intento 1/3 fallo para https://radiocut.fm/audiocut/unsenorcuento-alejandroapo-en-lacasainvita-por-am750-hoy-la-promesa-eduardo-sacheri/
2026-10-10 15:23:48,325 [WARNING] Intento 2/3 fallo para https://radiocut.fm/audiocut/unsenorcuento-alejandroapo-en-lacasainvita-por-am750-hoy-la-promesa-eduardo-sacheri/
2026-10-10 15:23:53,398 [WARNING] Intento 3/3 fallo para https://radiocut.fm/audiocut/unsenorcuento-alejandroapo-en-lacasainvita-por-am750-hoy-la-promesa-eduardo-sacheri/
2026-10-10 15:23:53,448 [WARNING] Intento 1/3 fallo para https://radiocut.fm/audiocut/unsenorcuento-alejandroapo-en-lacasainvita-por-am750-hoy-mama-cecilia-sola/
2026-10-10 15:23:58,497 [WARNING] Intento 2/3 fallo para https://radiocut.fm/audiocut/unsenorcuento-alejandroapo-en-lacasainvita-por-am750-hoy-mama-cecilia-sola/
2026-10-10 15:24:03,546 [WARNING] Intento 3/3 fallo para https://radiocut.fm/audiocut/unsenorcuento-alejandroapo-en-lacasainvita-por-am750-hoy-mama-cecilia-sola/
2026-10-10 15:24:03,602 [WARNING] Intento 1/3 fallo para https://radiocut.fm/audiocut/unsenorcuento-alejandroapo-en-lacasainvita-por-am750-hoy-mario-benedetti/
2026-10-10 15:24:08,653 [WARNING] Intento 2/3 fallo para https://radiocut.fm/audiocut/unsenorcuento-alejandroapo-en-lacasainvita-por-am750-hoy-mario-benedetti/
2026-10-10 15:24:13,715 [WARNING] Intento 3/3 fallo para https://radiocut.fm/audiocut/unsenorcuento-alejandroapo-en-lacasainvita-por-am750-hoy-mario-benedetti/
2026-10-10 15:24:13,758 [WARNING] Intento 1/3 fallo para https://radiocut.fm/audiocut/unsenorcuento-alejandroapo-en-lacasainvita-por-am750-hoy-mercedes-saenz/
2026-10-10 15:24:18,826 [WARNING] Intento 2/3 fallo para https://radiocut.fm/audiocut/unsenorcuento-alejandroapo-en-lacasainvita-por-am750-hoy-mercedes-saenz/
2026-10-10 15:24:23,880 [WARNING] Intento 3/3 fallo para https://radiocut.fm/audiocut/unsenorcuento-alejandroapo-en-lacasainvita-por-am750-hoy-mercedes-saenz/
2026-10-10 15:24:23,928 [WARNING] Intento 1/3 fallo para https://radiocut.fm/audiocut/unsenorcuento-alejandroapo-en-lacasainvita-por-am750-hoy-ojos-del-traidor-rodolfo-walsh/
2026-10-10 15:24:28,982 [WARNING] Intento 2/3 fallo para https://radiocut.fm/audiocut/unsenorcuento-alejandroapo-en-lacasainvita-por-am750-hoy-ojos-del-traidor-rodolfo-walsh/
2026-10-10 15:24:34,030 [WARNING] Intento 3/3 fallo para https://radiocut.fm/audiocut/unsenorcuento-alejandroapo-en-lacasainvita-por-am750-hoy-ojos-del-traidor-rodolfo-walsh/
2026-10-10 15:24:34,075 [WARNING] Intento 1/3 fallo para https://radiocut.fm/audiocut/unsenorcuento-alejandroapo-en-lacasainvita-por-am750-hoy-puerta-condenada-cortazar/
2026-10-10 15:24:39,135 [WARNING] Intento 2/3 fallo para https://radiocut.fm/audiocut/unsenorcuento-alejandroapo-en-lacasainvita-por-am750-hoy-puerta-condenada-cortazar/
2026-10-10 15:24:44,191 [WARNING] Intento 3/3 fallo para https://radiocut.fm/audiocut/unsenorcuento-alejandroapo-en-lacasainvita-por-am750-hoy-puerta-condenada-cortazar/
2026-10-10 15:24:44,242 [WARNING] Intento 1/3 fallo para https://radiocut.fm/audiocut/unsenorcuento-alejandroapo-en-lacasainvita-por-am750-hoy-roberto-fontanarrosa-5/
2026-10-10 15:24:49,293 [WARNING] Intento 2/3 fallo para https://radiocut.fm/audiocut/unsenorcuento-alejandroapo-en-lacasainvita-por-am750-hoy-roberto-fontanarrosa-5/
2026-10-10 15:24:54,348 [WARNING] Intento 3/3 fallo para https://radiocut.fm/audiocut/unsenorcuento-alejandroapo-en-lacasainvita-por-am750-hoy-roberto-fontanarrosa-5/
2026-10-10 15:24:54,400 [WARNING] Intento 1/3 fallo para https://radiocut.fm/audiocut/unsenorcuento-alejandroapo-en-lacasainvita-por-am750-hoy-roberto-fontanarrosa-8/
2026-10-10 15:24:59,453 [WARNING] Intento 2/3 fallo para https://radiocut.fm/audiocut/unsenorcuento-alejandroapo-en-lacasainvita-por-am750-hoy-roberto-fontanarrosa-8/
2026-10-10 15:25:04,520 [WARNING] Intento 3/3 fallo para https://radiocut.fm/audiocut/unsenorcuento-alejandroapo-en-lacasainvita-por-am750-hoy-roberto-fontanarrosa-8/
2026-10-10 15:25:04,572 [WARNING] Intento 1/3 fallo para https://radiocut.fm/audiocut/unsenorcuento-alejandroapo-en-lacasainvita-por-am750-hoy-roberto-fontanarrosa-9/
2026-10-10 15:25:09,628 [WARNING] Intento 2/3 fallo para https://radiocut.fm/audiocut/unsenorcuento-alejandroapo-en-lacasainvita-por-am750-hoy-roberto-fontanarrosa-9/
2026-10-10 15:25:14,679 [WARNING] Intento 3/3 fallo para https://radiocut.fm/audiocut/unsenorcuento-alejandroapo-en-lacasainvita-por-am750-hoy-roberto-fontanarrosa-9/
2026-10-10 15:25:14,726 [WARNING] Intento 1/3 fallo para https://radiocut.fm/audiocut/unsenorcuento-alejandroapo-en-lacasainvita-por-am750-hoy-tachuelas-iparraguirre/
2026-10-10 15:25:19,777 [WARNING] Intento 2/3 fallo para https://radiocut.fm/audiocut/unsenorcuento-alejandroapo-en-lacasainvita-por-am750-hoy-tachuelas-iparraguirre/
2026-10-10 15:25:24,836 [WARNING] Intento 3/3 fallo para https://radiocut.fm/audiocut/unsenorcuento-alejandroapo-en-lacasainvita-por-am750-hoy-tachuelas-iparraguirre/
2026-10-10 15:25:24,913 [WARNING] Intento 1/3 fallo para https://radiocut.fm/audiocut/unsenorcuento-alejandroapo-en-lacasainvita-por-am750-hoy-te-digo-mas-fontanarrosa/
2026-10-10 15:25:29,961 [WARNING] Intento 2/3 fallo para https://radiocut.fm/audiocut/unsenorcuento-alejandroapo-en-lacasainvita-por-am750-hoy-te-digo-mas-fontanarrosa/
2026-10-10 15:25:35,019 [WARNING] Intento 3/3 fallo para https://radiocut.fm/audiocut/unsenorcuento-alejandroapo-en-lacasainvita-por-am750-hoy-te-digo-mas-fontanarrosa/
2026-10-10 15:25:35,065 [WARNING] Intento 1/3 fallo para https://radiocut.fm/audiocut/unsenorcuento-alejandroapo-en-lacasainvita-por-radioam750-hoy-julio-cortazar/
2026-10-10 15:25:40,111 [WARNING] Intento 2/3 fallo para https://radiocut.fm/audiocut/unsenorcuento-alejandroapo-en-lacasainvita-por-radioam750-hoy-julio-cortazar/
2026-10-10 15:25:45,167 [WARNING] Intento 3/3 fallo para https://radiocut.fm/audiocut/unsenorcuento-alejandroapo-en-lacasainvita-por-radioam750-hoy-julio-cortazar/
2026-10-10 15:25:45,214 [WARNING] Intento 1/3 fallo para https://radiocut.fm/audiocut/unsenorcuento-alejandroapo-en-lacasainvita-por-radioam750-hoy-roberto-fontanarrosa/
2026-10-10 15:25:50,271 [WARNING] Intento 2/3 fallo para https://radiocut.fm/audiocut/unsenorcuento-alejandroapo-en-lacasainvita-por-radioam750-hoy-roberto-fontanarrosa/
2026-10-10 15:25:55,318 [WARNING] Intento 3/3 fallo para https://radiocut.fm/audiocut/unsenorcuento-alejandroapo-en-lacasainvita-por-radioam750-hoy-roberto-fontanarrosa/
2026-10-10 15:25:55,390 [WARNING] Intento 1/3 fallo para https://radiocut.fm/audiocut/unsenorcuento-alejandroapo-en-lacasainvitaam750-por-am750-hoy-don-juan-manuel/
2026-10-10 15:26:00,435 [WARNING] Intento 2/3 fallo para https://radiocut.fm/audiocut/unsenorcuento-alejandroapo-en-lacasainvitaam750-por-am750-hoy-don-juan-manuel/
2026-10-10 15:26:05,485 [WARNING] Intento 3/3 fallo para https://radiocut.fm/audiocut/unsenorcuento-alejandroapo-en-lacasainvitaam750-por-am750-hoy-don-juan-manuel/
2026-10-10 15:26:05,551 [WARNING] Intento 1/3 fallo para https://radiocut.fm/audiocut/unsenorcuento-alejandroapo-en-lacasainvitaam750-por-am750-hoy-el-duelo-mempo-giardinelli/
2026-10-10 15:26:10,604 [WARNING] Intento 2/3 fallo para https://radiocut.fm/audiocut/unsenorcuento-alejandroapo-en-lacasainvitaam750-por-am750-hoy-el-duelo-mempo-giardinelli/
2026-10-10 15:26:15,658 [WARNING] Intento 3/3 fallo para https://radiocut.fm/audiocut/unsenorcuento-alejandroapo-en-lacasainvitaam750-por-am750-hoy-el-duelo-mempo-giardinelli/
2026-10-10 15:26:15,709 [WARNING] Intento 1/3 fallo para https://radiocut.fm/audiocut/unsenorcuento-alejandroapo-en-lacasainvitaam750-por-am750-hoy-negro-ortega-abelardo-castillo/
2026-10-10 15:26:20,769 [WARNING] Intento 2/3 fallo para https://radiocut.fm/audiocut/unsenorcuento-alejandroapo-en-lacasainvitaam750-por-am750-hoy-negro-ortega-abelardo-castillo/
2026-10-10 15:26:25,812 [WARNING] Intento 3/3 fallo para https://radiocut.fm/audiocut/unsenorcuento-alejandroapo-en-lacasainvitaam750-por-am750-hoy-negro-ortega-abelardo-castillo/
2026-10-10 15:26:25,879 [WARNING] Intento 1/3 fallo para https://radiocut.fm/audiocut/unsenorcuento-alejandroapo-en-lacasainvitaam750-por-am750-hoy-osvaldo-soriano/
2026-10-10 15:26:30,923 [WARNING] Intento 2/3 fallo para https://radiocut.fm/audiocut/unsenorcuento-alejandroapo-en-lacasainvitaam750-por-am750-hoy-osvaldo-soriano/
2026-10-10 15:26:35,974 [WARNING] Intento 3/3 fallo para https://radiocut.fm/audiocut/unsenorcuento-alejandroapo-en-lacasainvitaam750-por-am750-hoy-osvaldo-soriano/
2026-10-10 15:26:36,020 [WARNING] Intento 1/3 fallo para https://radiocut.fm/audiocut/unsenorcuento-alejandroapo-en-lacasainvitaam750-por-am750-hoy-roberto-fontanarrosa/
2026-10-10 15:26:41,066 [WARNING] Intento 2/3 fallo para https://radiocut.fm/audiocut/unsenorcuento-alejandroapo-en-lacasainvitaam750-por-am750-hoy-roberto-fontanarrosa/
2026-10-10 15:26:46,112 [WARNING] Intento 3/3 fallo para https://radiocut.fm/audiocut/unsenorcuento-alejandroapo-en-lacasainvitaam750-por-am750-hoy-roberto-fontanarrosa/
2026-10-10 15:26:46,156 [WARNING] Intento 1/3 fallo para https://radiocut.fm/audiocut/unsenorcuento-alejandroapo-en-lacasainvitaam750-por-radioam750-hoy-ray-bradbury/
2026-10-10 15:26:51,215 [WARNING] Intento 2/3 fallo para https://radiocut.fm/audiocut/unsenorcuento-alejandroapo-en-lacasainvitaam750-por-radioam750-hoy-ray-bradbury/
2026-10-10 15:26:56,269 [WARNING] Intento 3/3 fallo para https://radiocut.fm/audiocut/unsenorcuento-alejandroapo-en-lacasainvitaam750-por-radioam750-hoy-ray-bradbury/
2026-10-10 15:26:56,325 [WARNING] Intento 1/3 fallo para https://radiocut.fm/audiocut/unsenorcuento-alejandroapo-en-lacasainvitaam750-por-radioam750-hoy-roberto-fontanarrosa-1/
2026-10-10 15:27:01,375 [WARNING] Intento 2/3 fallo para https://radiocut.fm/audiocut/unsenorcuento-alejandroapo-en-lacasainvitaam750-por-radioam750-hoy-roberto-fontanarrosa-1/
2026-10-10 15:27:06,429 [WARNING] Intento 3/3 fallo para https://radiocut.fm/audiocut/unsenorcuento-alejandroapo-en-lacasainvitaam750-por-radioam750-hoy-roberto-fontanarrosa-1/
2026-10-10 15:27:06,500 [WARNING] Intento 1/3 fallo para https://radiocut.fm/audiocut/unsenorcuento-alejandroapo-lacasainvita-am750-hoy-cuando-nada-queda-en-pie-seba-ronchetti/
2026-10-10 15:27:11,555 [WARNING] Intento 2/3 fallo para https://radiocut.fm/audiocut/unsenorcuento-alejandroapo-lacasainvita-am750-hoy-cuando-nada-queda-en-pie-seba-ronchetti/
2026-10-10 15:27:16,622 [WARNING] Intento 3/3 fallo para https://radiocut.fm/audiocut/unsenorcuento-alejandroapo-lacasainvita-am750-hoy-cuando-nada-queda-en-pie-seba-ronchetti/
2026-10-10 15:27:16,677 [WARNING] Intento 1/3 fallo para https://radiocut.fm/audiocut/unsenorcuento-con-alejandroapo-en-lacasainvita-por-am750-hoy-19-de-diciembre-de-1971/
2026-10-10 15:27:21,728 [WARNING] Intento 2/3 fallo para https://radiocut.fm/audiocut/unsenorcuento-con-alejandroapo-en-lacasainvita-por-am750-hoy-19-de-diciembre-de-1971/
2026-10-10 15:27:26,785 [WARNING] Intento 3/3 fallo para https://radiocut.fm/audiocut/unsenorcuento-con-alejandroapo-en-lacasainvita-por-am750-hoy-19-de-diciembre-de-1971/
2026-10-10 15:27:26,847 [WARNING] Intento 1/3 fallo para https://radiocut.fm/audiocut/unsenorcuento-con-alejandroapo-en-lacasainvita-por-am750-hoy-cordero-dios-cesar-sodero/
2026-10-10 15:27:31,900 [WARNING] Intento 2/3 fallo para https://radiocut.fm/audiocut/unsenorcuento-con-alejandroapo-en-lacasainvita-por-am750-hoy-cordero-dios-cesar-sodero/
2026-10-10 15:27:36,947 [WARNING] Intento 3/3 fallo para https://radiocut.fm/audiocut/unsenorcuento-con-alejandroapo-en-lacasainvita-por-am750-hoy-cordero-dios-cesar-sodero/
2026-10-10 15:27:37,005 [WARNING] Intento 1/3 fallo para https://radiocut.fm/audiocut/unsenorcuento-con-alejandroapo-en-lacasainvita-por-am750-hoy-eduardo-sacheri/
2026-10-10 15:27:42,048 [WARNING] Intento 2/3 fallo para https://radiocut.fm/audiocut/unsenorcuento-con-alejandroapo-en-lacasainvita-por-am750-hoy-eduardo-sacheri/
2026-10-10 15:27:47,096 [WARNING] Intento 3/3 fallo para https://radiocut.fm/audiocut/unsenorcuento-con-alejandroapo-en-lacasainvita-por-am750-hoy-eduardo-sacheri/
2026-10-10 15:27:47,144 [WARNING] Intento 1/3 fallo para https://radiocut.fm/audiocut/unsenorcuento-con-alejandroapo-en-lacasainvita-por-am750-hoy-esteban-valentino/
2026-10-10 15:27:52,192 [WARNING] Intento 2/3 fallo para https://radiocut.fm/audiocut/unsenorcuento-con-alejandroapo-en-lacasainvita-por-am750-hoy-esteban-valentino/
2026-10-10 15:27:57,285 [WARNING] Intento 3/3 fallo para https://radiocut.fm/audiocut/unsenorcuento-con-alejandroapo-en-lacasainvita-por-am750-hoy-esteban-valentino/
2026-10-10 15:27:57,340 [WARNING] Intento 1/3 fallo para https://radiocut.fm/audiocut/unsenorcuento-con-alejandroapo-en-lacasainvita-por-am750-hoy-jorge-luis-borges/
2026-10-10 15:28:02,395 [WARNING] Intento 2/3 fallo para https://radiocut.fm/audiocut/unsenorcuento-con-alejandroapo-en-lacasainvita-por-am750-hoy-jorge-luis-borges/
2026-10-10 15:28:07,447 [WARNING] Intento 3/3 fallo para https://radiocut.fm/audiocut/unsenorcuento-con-alejandroapo-en-lacasainvita-por-am750-hoy-jorge-luis-borges/
2026-10-10 15:28:07,498 [WARNING] Intento 1/3 fallo para https://radiocut.fm/audiocut/unsenorcuento-con-alejandroapo-en-lacasainvita-por-am750-hoy-juan-carlos-onetti/
2026-10-10 15:28:12,555 [WARNING] Intento 2/3 fallo para https://radiocut.fm/audiocut/unsenorcuento-con-alejandroapo-en-lacasainvita-por-am750-hoy-juan-carlos-onetti/
2026-10-10 15:28:17,624 [WARNING] Intento 3/3 fallo para https://radiocut.fm/audiocut/unsenorcuento-con-alejandroapo-en-lacasainvita-por-am750-hoy-juan-carlos-onetti/
2026-10-10 15:28:17,670 [WARNING] Intento 1/3 fallo para https://radiocut.fm/audiocut/unsenorcuento-con-alejandroapo-en-lacasainvita-por-am750-hoy-juan-murana-jorge-luis-borges/
2026-10-10 15:28:22,721 [WARNING] Intento 2/3 fallo para https://radiocut.fm/audiocut/unsenorcuento-con-alejandroapo-en-lacasainvita-por-am750-hoy-juan-murana-jorge-luis-borges/
2026-10-10 15:28:27,774 [WARNING] Intento 3/3 fallo para https://radiocut.fm/audiocut/unsenorcuento-con-alejandroapo-en-lacasainvita-por-am750-hoy-juan-murana-jorge-luis-borges/
2026-10-10 15:28:27,823 [WARNING] Intento 1/3 fallo para https://radiocut.fm/audiocut/unsenorcuento-con-alejandroapo-en-lacasainvita-por-am750-hoy-pablo-ramos/
2026-10-10 15:28:32,879 [WARNING] Intento 2/3 fallo para https://radiocut.fm/audiocut/unsenorcuento-con-alejandroapo-en-lacasainvita-por-am750-hoy-pablo-ramos/
2026-10-10 15:28:37,953 [WARNING] Intento 3/3 fallo para https://radiocut.fm/audiocut/unsenorcuento-con-alejandroapo-en-lacasainvita-por-am750-hoy-pablo-ramos/
2026-10-10 15:28:37,998 [WARNING] Intento 1/3 fallo para https://radiocut.fm/audiocut/unsenorcuento-con-alejandroapo-en-lacasainvitaam750-por-am750-hoy-roberto-fontanarrosa/
2026-10-10 15:28:43,050 [WARNING] Intento 2/3 fallo para https://radiocut.fm/audiocut/unsenorcuento-con-alejandroapo-en-lacasainvitaam750-por-am750-hoy-roberto-fontanarrosa/
2026-10-10 15:28:48,098 [WARNING] Intento 3/3 fallo para https://radiocut.fm/audiocut/unsenorcuento-con-alejandroapo-en-lacasainvitaam750-por-am750-hoy-roberto-fontanarrosa/
2026-10-10 15:28:48,149 [WARNING] Intento 1/3 fallo para https://radiocut.fm/audiocut/unsenorcuento-de-alejandro-apo-la-casa-invita-por-radio-am-750-hoy-mempo-giardinelli/
2026-10-10 15:28:53,199 [WARNING] Intento 2/3 fallo para https://radiocut.fm/audiocut/unsenorcuento-de-alejandro-apo-la-casa-invita-por-radio-am-750-hoy-mempo-giardinelli/
2026-10-10 15:28:58,243 [WARNING] Intento 3/3 fallo para https://radiocut.fm/audiocut/unsenorcuento-de-alejandro-apo-la-casa-invita-por-radio-am-750-hoy-mempo-giardinelli/
2026-10-10 15:28:58,305 [WARNING] Intento 1/3 fallo para https://radiocut.fm/audiocut/unsenorcuento-de-alejandroapo-en-lacasainvita-por-am750-hoy-jorge-luis-borges/
2026-10-10 15:29:03,357 [WARNING] Intento 2/3 fallo para https://radiocut.fm/audiocut/unsenorcuento-de-alejandroapo-en-lacasainvita-por-am750-hoy-jorge-luis-borges/
2026-10-10 15:29:08,409 [WARNING] Intento 3/3 fallo para https://radiocut.fm/audiocut/unsenorcuento-de-alejandroapo-en-lacasainvita-por-am750-hoy-jorge-luis-borges/
2026-10-10 15:29:08,473 [WARNING] Intento 1/3 fallo para https://radiocut.fm/audiocut/unsenorcuento-de-alejandroapo-en-lacasainvita-por-am750-hoy-roberto-fontanarrosa-2/
2026-10-10 15:29:13,528 [WARNING] Intento 2/3 fallo para https://radiocut.fm/audiocut/unsenorcuento-de-alejandroapo-en-lacasainvita-por-am750-hoy-roberto-fontanarrosa-2/
2026-10-10 15:29:18,582 [WARNING] Intento 3/3 fallo para https://radiocut.fm/audiocut/unsenorcuento-de-alejandroapo-en-lacasainvita-por-am750-hoy-roberto-fontanarrosa-2/
2026-10-10 15:29:18,654 [WARNING] Intento 1/3 fallo para https://radiocut.fm/audiocut/unsenorcuento-de-alejandroapo-en-lacasainvita-por-am750-hoy-roberto-fontanarrosa/
2026-10-10 15:29:23,710 [WARNING] Intento 2/3 fallo para https://radiocut.fm/audiocut/unsenorcuento-de-alejandroapo-en-lacasainvita-por-am750-hoy-roberto-fontanarrosa/
2026-10-10 15:29:28,784 [WARNING] Intento 3/3 fallo para https://radiocut.fm/audiocut/unsenorcuento-de-alejandroapo-en-lacasainvita-por-am750-hoy-roberto-fontanarrosa/
2026-10-10 15:29:28,827 [WARNING] Intento 1/3 fallo para https://radiocut.fm/audiocut/unsenorcuento-de-alejandroapo-en-lacasainvitaam750-por-am750-hoy-gabriel-garcia-marquez/
2026-10-10 15:29:33,878 [WARNING] Intento 2/3 fallo para https://radiocut.fm/audiocut/unsenorcuento-de-alejandroapo-en-lacasainvitaam750-por-am750-hoy-gabriel-garcia-marquez/
2026-10-10 15:29:38,933 [WARNING] Intento 3/3 fallo para https://radiocut.fm/audiocut/unsenorcuento-de-alejandroapo-en-lacasainvitaam750-por-am750-hoy-gabriel-garcia-marquez/
2026-10-10 15:29:38,991 [WARNING] Intento 1/3 fallo para https://radiocut.fm/audiocut/unsenorcuento-en-dondequieraqueestes-con-alejandroapo-por-am750-1/
2026-10-10 15:29:44,035 [WARNING] Intento 2/3 fallo para https://radiocut.fm/audiocut/unsenorcuento-en-dondequieraqueestes-con-alejandroapo-por-am750-1/
2026-10-10 15:29:49,083 [WARNING] Intento 3/3 fallo para https://radiocut.fm/audiocut/unsenorcuento-en-dondequieraqueestes-con-alejandroapo-por-am750-1/
2026-10-10 15:29:49,140 [WARNING] Intento 1/3 fallo para https://radiocut.fm/audiocut/unsenorcuento-en-dondequieraqueestes-con-alejandroapo-por-am750-4/
2026-10-10 15:29:54,188 [WARNING] Intento 2/3 fallo para https://radiocut.fm/audiocut/unsenorcuento-en-dondequieraqueestes-con-alejandroapo-por-am750-4/
2026-10-10 15:29:59,243 [WARNING] Intento 3/3 fallo para https://radiocut.fm/audiocut/unsenorcuento-en-dondequieraqueestes-con-alejandroapo-por-am750-4/
2026-10-10 15:29:59,287 [WARNING] Intento 1/3 fallo para https://radiocut.fm/audiocut/unsenorcuento-en-dondequieraqueestes-con-alejandroapo-por-am750-6/
2026-10-10 15:30:04,334 [WARNING] Intento 2/3 fallo para https://radiocut.fm/audiocut/unsenorcuento-en-dondequieraqueestes-con-alejandroapo-por-am750-6/
2026-10-10 15:30:09,389 [WARNING] Intento 3/3 fallo para https://radiocut.fm/audiocut/unsenorcuento-en-dondequieraqueestes-con-alejandroapo-por-am750-6/
2026-10-10 15:30:09,442 [WARNING] Intento 1/3 fallo para https://radiocut.fm/audiocut/unsenorcuento-en-dondequieraqueestes-con-alejandroapo-por-am750-8/
2026-10-10 15:30:14,493 [WARNING] Intento 2/3 fallo para https://radiocut.fm/audiocut/unsenorcuento-en-dondequieraqueestes-con-alejandroapo-por-am750-8/
2026-10-10 15:30:19,543 [WARNING] Intento 3/3 fallo para https://radiocut.fm/audiocut/unsenorcuento-en-dondequieraqueestes-con-alejandroapo-por-am750-8/
2026-10-10 15:30:19,596 [WARNING] Intento 1/3 fallo para https://radiocut.fm/audiocut/unsenorcuento-en-dondequieraqueestes-con-alejandroapo-por-am750-te-digo-mas/
2026-10-10 15:30:24,648 [WARNING] Intento 2/3 fallo para https://radiocut.fm/audiocut/unsenorcuento-en-dondequieraqueestes-con-alejandroapo-por-am750-te-digo-mas/
2026-10-10 15:30:29,694 [WARNING] Intento 3/3 fallo para https://radiocut.fm/audiocut/unsenorcuento-en-dondequieraqueestes-con-alejandroapo-por-am750-te-digo-mas/
2026-10-10 15:30:29,759 [WARNING] Intento 1/3 fallo para https://radiocut.fm/audiocut/unsenorcuento-en-dondequieraqueestes-con-alejandroapo-por-am750-usted-no-me-lo-va-a-creer/
2026-10-10 15:30:34,806 [WARNING] Intento 2/3 fallo para https://radiocut.fm/audiocut/unsenorcuento-en-dondequieraqueestes-con-alejandroapo-por-am750-usted-no-me-lo-va-a-creer/
2026-10-10 15:30:39,866 [WARNING] Intento 3/3 fallo para https://radiocut.fm/audiocut/unsenorcuento-en-dondequieraqueestes-con-alejandroapo-por-am750-usted-no-me-lo-va-a-creer/
2026-10-10 15:30:39,939 [WARNING] Intento 1/3 fallo para https://radiocut.fm/audiocut/unsenorcuento-en-la-casa-invita-hoy-el-laucha-benitez-cantaba-boleros-de-ricardo-piglia/
2026-10-10 15:30:44,990 [WARNING] Intento 2/3 fallo para https://radiocut.fm/audiocut/unsenorcuento-en-la-casa-invita-hoy-el-laucha-benitez-cantaba-boleros-de-ricardo-piglia/
2026-10-10 15:30:50,047 [WARNING] Intento 3/3 fallo para https://radiocut.fm/audiocut/unsenorcuento-en-la-casa-invita-hoy-el-laucha-benitez-cantaba-boleros-de-ricardo-piglia/
2026-10-10 15:30:50,100 [WARNING] Intento 1/3 fallo para https://radiocut.fm/audiocut/unsenorcuento-en-la-casa-invita-por-am750-hoy-a-la-deriva-de-horacio-quiroga/
2026-10-10 15:30:55,152 [WARNING] Intento 2/3 fallo para https://radiocut.fm/audiocut/unsenorcuento-en-la-casa-invita-por-am750-hoy-a-la-deriva-de-horacio-quiroga/
2026-10-10 15:31:00,205 [WARNING] Intento 3/3 fallo para https://radiocut.fm/audiocut/unsenorcuento-en-la-casa-invita-por-am750-hoy-a-la-deriva-de-horacio-quiroga/
2026-10-10 15:31:00,260 [WARNING] Intento 1/3 fallo para https://radiocut.fm/audiocut/unsenorcuento-en-la-casa-invita-por-am750-hoy-el-castigo-de-eduardo-sacheri/
2026-10-10 15:31:05,309 [WARNING] Intento 2/3 fallo para https://radiocut.fm/audiocut/unsenorcuento-en-la-casa-invita-por-am750-hoy-el-castigo-de-eduardo-sacheri/
2026-10-10 15:31:10,368 [WARNING] Intento 3/3 fallo para https://radiocut.fm/audiocut/unsenorcuento-en-la-casa-invita-por-am750-hoy-el-castigo-de-eduardo-sacheri/
2026-10-10 15:31:10,423 [WARNING] Intento 1/3 fallo para https://radiocut.fm/audiocut/unsenorcuento-en-la-casa-invita-por-am750-hoy-el-chileno-de-roberto-fontarrosa/
2026-10-10 15:31:15,474 [WARNING] Intento 2/3 fallo para https://radiocut.fm/audiocut/unsenorcuento-en-la-casa-invita-por-am750-hoy-el-chileno-de-roberto-fontarrosa/
2026-10-10 15:31:20,527 [WARNING] Intento 3/3 fallo para https://radiocut.fm/audiocut/unsenorcuento-en-la-casa-invita-por-am750-hoy-el-chileno-de-roberto-fontarrosa/
2026-10-10 15:31:20,572 [WARNING] Intento 1/3 fallo para https://radiocut.fm/audiocut/unsenorcuento-en-la-casa-invita-por-am750-hoy-el-hermano-mayor-de-abelardo-castillo/
2026-10-10 15:31:25,617 [WARNING] Intento 2/3 fallo para https://radiocut.fm/audiocut/unsenorcuento-en-la-casa-invita-por-am750-hoy-el-hermano-mayor-de-abelardo-castillo/
2026-10-10 15:31:30,662 [WARNING] Intento 3/3 fallo para https://radiocut.fm/audiocut/unsenorcuento-en-la-casa-invita-por-am750-hoy-el-hermano-mayor-de-abelardo-castillo/
2026-10-10 15:31:30,722 [WARNING] Intento 1/3 fallo para https://radiocut.fm/audiocut/unsenorcuento-en-la-casa-invita-por-am750-hoy-el-hijo-del-sheik-de-roberto-fontanarrosa/
2026-10-10 15:31:35,796 [WARNING] Intento 2/3 fallo para https://radiocut.fm/audiocut/unsenorcuento-en-la-casa-invita-por-am750-hoy-el-hijo-del-sheik-de-roberto-fontanarrosa/
2026-10-10 15:31:40,855 [WARNING] Intento 3/3 fallo para https://radiocut.fm/audiocut/unsenorcuento-en-la-casa-invita-por-am750-hoy-el-hijo-del-sheik-de-roberto-fontanarrosa/
2026-10-10 15:31:40,899 [WARNING] Intento 1/3 fallo para https://radiocut.fm/audiocut/unsenorcuento-en-la-casa-invita-por-am750-hoy-el-pichon-de-cristo-de-fontanarrosa/
2026-10-10 15:31:45,948 [WARNING] Intento 2/3 fallo para https://radiocut.fm/audiocut/unsenorcuento-en-la-casa-invita-por-am750-hoy-el-pichon-de-cristo-de-fontanarrosa/
2026-10-10 15:31:50,998 [WARNING] Intento 3/3 fallo para https://radiocut.fm/audiocut/unsenorcuento-en-la-casa-invita-por-am750-hoy-el-pichon-de-cristo-de-fontanarrosa/
2026-10-10 15:31:51,055 [WARNING] Intento 1/3 fallo para https://radiocut.fm/audiocut/unsenorcuento-en-la-casa-invita-por-am750-hoy-el-principe-feliz-de-oscar-wilde/
2026-10-10 15:31:56,109 [WARNING] Intento 2/3 fallo para https://radiocut.fm/audiocut/unsenorcuento-en-la-casa-invita-por-am750-hoy-el-principe-feliz-de-oscar-wilde/
2026-10-10 15:32:01,154 [WARNING] Intento 3/3 fallo para https://radiocut.fm/audiocut/unsenorcuento-en-la-casa-invita-por-am750-hoy-el-principe-feliz-de-oscar-wilde/
2026-10-10 15:32:01,209 [WARNING] Intento 1/3 fallo para https://radiocut.fm/audiocut/unsenorcuento-en-la-casa-invita-por-am750-hoy-en-una-estacion-de-buen-tiempo-ray-bradbury/
2026-10-10 15:32:06,270 [WARNING] Intento 2/3 fallo para https://radiocut.fm/audiocut/unsenorcuento-en-la-casa-invita-por-am750-hoy-en-una-estacion-de-buen-tiempo-ray-bradbury/
2026-10-10 15:32:11,318 [WARNING] Intento 3/3 fallo para https://radiocut.fm/audiocut/unsenorcuento-en-la-casa-invita-por-am750-hoy-en-una-estacion-de-buen-tiempo-ray-bradbury/
2026-10-10 15:32:11,372 [WARNING] Intento 1/3 fallo para https://radiocut.fm/audiocut/unsenorcuento-en-la-casa-invita-por-am750-hoy-encuentro-con-el-traidor-de-augusto-roa-bastos/
2026-10-10 15:32:16,429 [WARNING] Intento 2/3 fallo para https://radiocut.fm/audiocut/unsenorcuento-en-la-casa-invita-por-am750-hoy-encuentro-con-el-traidor-de-augusto-roa-bastos/
2026-10-10 15:32:21,489 [WARNING] Intento 3/3 fallo para https://radiocut.fm/audiocut/unsenorcuento-en-la-casa-invita-por-am750-hoy-encuentro-con-el-traidor-de-augusto-roa-bastos/
2026-10-10 15:32:21,561 [WARNING] Intento 1/3 fallo para https://radiocut.fm/audiocut/unsenorcuento-en-la-casa-invita-por-am750-hoy-hombres-sin-mujeres-de-haruki-murakami/
2026-10-10 15:32:26,609 [WARNING] Intento 2/3 fallo para https://radiocut.fm/audiocut/unsenorcuento-en-la-casa-invita-por-am750-hoy-hombres-sin-mujeres-de-haruki-murakami/
2026-10-10 15:32:31,655 [WARNING] Intento 3/3 fallo para https://radiocut.fm/audiocut/unsenorcuento-en-la-casa-invita-por-am750-hoy-hombres-sin-mujeres-de-haruki-murakami/
2026-10-10 15:32:31,707 [WARNING] Intento 1/3 fallo para https://radiocut.fm/audiocut/unsenorcuento-en-la-casa-invita-por-am750-hoy-la-espera-de-jorge-luis-borges/
2026-10-10 15:32:36,762 [WARNING] Intento 2/3 fallo para https://radiocut.fm/audiocut/unsenorcuento-en-la-casa-invita-por-am750-hoy-la-espera-de-jorge-luis-borges/
2026-10-10 15:32:41,817 [WARNING] Intento 3/3 fallo para https://radiocut.fm/audiocut/unsenorcuento-en-la-casa-invita-por-am750-hoy-la-espera-de-jorge-luis-borges/
2026-10-10 15:32:41,897 [WARNING] Intento 1/3 fallo para https://radiocut.fm/audiocut/unsenorcuento-en-la-casa-invita-por-am750-hoy-la-fiesta-ajena-de-liliana-heker/
2026-10-10 15:32:46,958 [WARNING] Intento 2/3 fallo para https://radiocut.fm/audiocut/unsenorcuento-en-la-casa-invita-por-am750-hoy-la-fiesta-ajena-de-liliana-heker/
2026-10-10 15:32:52,016 [WARNING] Intento 3/3 fallo para https://radiocut.fm/audiocut/unsenorcuento-en-la-casa-invita-por-am750-hoy-la-fiesta-ajena-de-liliana-heker/
2026-10-10 15:32:52,104 [WARNING] Intento 1/3 fallo para https://radiocut.fm/audiocut/unsenorcuento-en-la-casa-invita-por-am750-hoy-la-fuga-de-roberto-arlt/
2026-10-10 15:32:57,160 [WARNING] Intento 2/3 fallo para https://radiocut.fm/audiocut/unsenorcuento-en-la-casa-invita-por-am750-hoy-la-fuga-de-roberto-arlt/
2026-10-10 15:33:02,256 [WARNING] Intento 3/3 fallo para https://radiocut.fm/audiocut/unsenorcuento-en-la-casa-invita-por-am750-hoy-la-fuga-de-roberto-arlt/
2026-10-10 15:33:02,311 [WARNING] Intento 1/3 fallo para https://radiocut.fm/audiocut/unsenorcuento-en-la-casa-invita-por-am750-hoy-la-luna-roja-de-roberto-arlt/
2026-10-10 15:33:07,361 [WARNING] Intento 2/3 fallo para https://radiocut.fm/audiocut/unsenorcuento-en-la-casa-invita-por-am750-hoy-la-luna-roja-de-roberto-arlt/
2026-10-10 15:33:12,421 [WARNING] Intento 3/3 fallo para https://radiocut.fm/audiocut/unsenorcuento-en-la-casa-invita-por-am750-hoy-la-luna-roja-de-roberto-arlt/
2026-10-10 15:33:12,474 [WARNING] Intento 1/3 fallo para https://radiocut.fm/audiocut/unsenorcuento-en-la-casa-invita-por-am750-hoy-la-noche-de-mantequilla-de-julio-cortazar/
2026-10-10 15:33:17,522 [WARNING] Intento 2/3 fallo para https://radiocut.fm/audiocut/unsenorcuento-en-la-casa-invita-por-am750-hoy-la-noche-de-mantequilla-de-julio-cortazar/
2026-10-10 15:33:22,577 [WARNING] Intento 3/3 fallo para https://radiocut.fm/audiocut/unsenorcuento-en-la-casa-invita-por-am750-hoy-la-noche-de-mantequilla-de-julio-cortazar/
2026-10-10 15:33:22,622 [WARNING] Intento 1/3 fallo para https://radiocut.fm/audiocut/unsenorcuento-en-la-casa-invita-por-am750-hoy-la-salud-de-los-enfermos-de-julio-cortazar/
2026-10-10 15:33:27,680 [WARNING] Intento 2/3 fallo para https://radiocut.fm/audiocut/unsenorcuento-en-la-casa-invita-por-am750-hoy-la-salud-de-los-enfermos-de-julio-cortazar/
2026-10-10 15:33:32,725 [WARNING] Intento 3/3 fallo para https://radiocut.fm/audiocut/unsenorcuento-en-la-casa-invita-por-am750-hoy-la-salud-de-los-enfermos-de-julio-cortazar/
2026-10-10 15:33:32,772 [WARNING] Intento 1/3 fallo para https://radiocut.fm/audiocut/unsenorcuento-en-la-casa-invita-por-am750-hoy-la-verdad-de-luigi-pirandello/
2026-10-10 15:33:37,819 [WARNING] Intento 2/3 fallo para https://radiocut.fm/audiocut/unsenorcuento-en-la-casa-invita-por-am750-hoy-la-verdad-de-luigi-pirandello/
2026-10-10 15:33:42,869 [WARNING] Intento 3/3 fallo para https://radiocut.fm/audiocut/unsenorcuento-en-la-casa-invita-por-am750-hoy-la-verdad-de-luigi-pirandello/
2026-10-10 15:33:42,912 [WARNING] Intento 1/3 fallo para https://radiocut.fm/audiocut/unsenorcuento-en-la-casa-invita-por-am750-hoy-los-funerales-de-la-mama-grande-de-gg-marquez/
2026-10-10 15:33:47,975 [WARNING] Intento 2/3 fallo para https://radiocut.fm/audiocut/unsenorcuento-en-la-casa-invita-por-am750-hoy-los-funerales-de-la-mama-grande-de-gg-marquez/
2026-10-10 15:33:53,029 [WARNING] Intento 3/3 fallo para https://radiocut.fm/audiocut/unsenorcuento-en-la-casa-invita-por-am750-hoy-los-funerales-de-la-mama-grande-de-gg-marquez/
2026-10-10 15:33:53,079 [WARNING] Intento 1/3 fallo para https://radiocut.fm/audiocut/unsenorcuento-en-la-casa-invita-por-am750-hoy-mi-amigo-mickey-de-roberto-fontarrosa/
2026-10-10 15:33:58,129 [WARNING] Intento 2/3 fallo para https://radiocut.fm/audiocut/unsenorcuento-en-la-casa-invita-por-am750-hoy-mi-amigo-mickey-de-roberto-fontarrosa/
2026-10-10 15:34:03,172 [WARNING] Intento 3/3 fallo para https://radiocut.fm/audiocut/unsenorcuento-en-la-casa-invita-por-am750-hoy-mi-amigo-mickey-de-roberto-fontarrosa/
2026-10-10 15:34:03,229 [WARNING] Intento 1/3 fallo para https://radiocut.fm/audiocut/unsenorcuento-en-la-casa-invita-por-am750-hoy-primeros-amores-de-osvaldo-soriano/
2026-10-10 15:34:08,274 [WARNING] Intento 2/3 fallo para https://radiocut.fm/audiocut/unsenorcuento-en-la-casa-invita-por-am750-hoy-primeros-amores-de-osvaldo-soriano/
2026-10-10 15:34:13,320 [WARNING] Intento 3/3 fallo para https://radiocut.fm/audiocut/unsenorcuento-en-la-casa-invita-por-am750-hoy-primeros-amores-de-osvaldo-soriano/
2026-10-10 15:34:13,374 [WARNING] Intento 1/3 fallo para https://radiocut.fm/audiocut/unsenorcuento-en-la-casa-invita-por-am750-hoy-tierna-es-la-noche-de-ricardo-piglia/
2026-10-10 15:34:18,434 [WARNING] Intento 2/3 fallo para https://radiocut.fm/audiocut/unsenorcuento-en-la-casa-invita-por-am750-hoy-tierna-es-la-noche-de-ricardo-piglia/
2026-10-10 15:34:23,492 [WARNING] Intento 3/3 fallo para https://radiocut.fm/audiocut/unsenorcuento-en-la-casa-invita-por-am750-hoy-tierna-es-la-noche-de-ricardo-piglia/
2026-10-10 15:34:23,565 [WARNING] Intento 1/3 fallo para https://radiocut.fm/audiocut/unsenorcuento-en-la-casa-invita-por-am750-hoy-una-sonrisa-exactamente-asi-eduardo-sacheri/
2026-10-10 15:34:28,618 [WARNING] Intento 2/3 fallo para https://radiocut.fm/audiocut/unsenorcuento-en-la-casa-invita-por-am750-hoy-una-sonrisa-exactamente-asi-eduardo-sacheri/
2026-10-10 15:34:33,676 [WARNING] Intento 3/3 fallo para https://radiocut.fm/audiocut/unsenorcuento-en-la-casa-invita-por-am750-hoy-una-sonrisa-exactamente-asi-eduardo-sacheri/
2026-10-10 15:34:33,720 [WARNING] Intento 1/3 fallo para https://radiocut.fm/audiocut/unsenorcuento-en-la-casa-invita-por-am750-hoy-volvedor-de-abelardo-castillo/
2026-10-10 15:34:38,774 [WARNING] Intento 2/3 fallo para https://radiocut.fm/audiocut/unsenorcuento-en-la-casa-invita-por-am750-hoy-volvedor-de-abelardo-castillo/
2026-10-10 15:34:43,833 [WARNING] Intento 3/3 fallo para https://radiocut.fm/audiocut/unsenorcuento-en-la-casa-invita-por-am750-hoy-volvedor-de-abelardo-castillo/
2026-10-10 15:34:43,892 [WARNING] Intento 1/3 fallo para https://radiocut.fm/audiocut/unsenorcuento-en-lacasainvita-por-radioam750-hoy-cabecita-negra-german-rozenmacher/
2026-10-10 15:34:48,964 [WARNING] Intento 2/3 fallo para https://radiocut.fm/audiocut/unsenorcuento-en-lacasainvita-por-radioam750-hoy-cabecita-negra-german-rozenmacher/
2026-10-10 15:34:54,021 [WARNING] Intento 3/3 fallo para https://radiocut.fm/audiocut/unsenorcuento-en-lacasainvita-por-radioam750-hoy-cabecita-negra-german-rozenmacher/
2026-10-10 15:34:54,070 [WARNING] Intento 1/3 fallo para https://radiocut.fm/audiocut/unsenorcuento-en-lacasainvita-por-radioam750-hoy-prode-de-osvaldo-ardizzone/
2026-10-10 15:34:59,126 [WARNING] Intento 2/3 fallo para https://radiocut.fm/audiocut/unsenorcuento-en-lacasainvita-por-radioam750-hoy-prode-de-osvaldo-ardizzone/
2026-10-10 15:35:04,175 [WARNING] Intento 3/3 fallo para https://radiocut.fm/audiocut/unsenorcuento-en-lacasainvita-por-radioam750-hoy-prode-de-osvaldo-ardizzone/
2026-10-10 15:35:04,231 [WARNING] Intento 1/3 fallo para https://radiocut.fm/audiocut/unsenorcuento-en-lacasainvitaam750-por-am750-hoy-aquel-peronismo-de-juguete-osvaldo-soriano/
2026-10-10 15:35:09,285 [WARNING] Intento 2/3 fallo para https://radiocut.fm/audiocut/unsenorcuento-en-lacasainvitaam750-por-am750-hoy-aquel-peronismo-de-juguete-osvaldo-soriano/
2026-10-10 15:35:14,337 [WARNING] Intento 3/3 fallo para https://radiocut.fm/audiocut/unsenorcuento-en-lacasainvitaam750-por-am750-hoy-aquel-peronismo-de-juguete-osvaldo-soriano/
2026-10-10 15:35:14,406 [WARNING] Intento 1/3 fallo para https://radiocut.fm/audiocut/unsenorcuento-por-alejandro-apo-en-am750-hoy-el-hombre-que-murio-dos-veces-juan-villoro/
2026-10-10 15:35:19,460 [WARNING] Intento 2/3 fallo para https://radiocut.fm/audiocut/unsenorcuento-por-alejandro-apo-en-am750-hoy-el-hombre-que-murio-dos-veces-juan-villoro/
2026-10-10 15:35:24,535 [WARNING] Intento 3/3 fallo para https://radiocut.fm/audiocut/unsenorcuento-por-alejandro-apo-en-am750-hoy-el-hombre-que-murio-dos-veces-juan-villoro/
2026-10-10 15:35:24,583 [WARNING] Intento 1/3 fallo para https://radiocut.fm/audiocut/unsenorcuento-por-alejandro-apo-en-lacasainvita-am750-hoy-deshoras-julio-cortazar/
2026-10-10 15:35:29,635 [WARNING] Intento 2/3 fallo para https://radiocut.fm/audiocut/unsenorcuento-por-alejandro-apo-en-lacasainvita-am750-hoy-deshoras-julio-cortazar/
2026-10-10 15:35:34,689 [WARNING] Intento 3/3 fallo para https://radiocut.fm/audiocut/unsenorcuento-por-alejandro-apo-en-lacasainvita-am750-hoy-deshoras-julio-cortazar/
2026-10-10 15:35:34,760 [WARNING] Intento 1/3 fallo para https://radiocut.fm/audiocut/unsenorcuento-por-alejandro-apo-en-lacasainvita-am750-hoy-el-pensador-de-roberto-fontanarrosa/
2026-10-10 15:35:39,805 [WARNING] Intento 2/3 fallo para https://radiocut.fm/audiocut/unsenorcuento-por-alejandro-apo-en-lacasainvita-am750-hoy-el-pensador-de-roberto-fontanarrosa/
2026-10-10 15:35:44,856 [WARNING] Intento 3/3 fallo para https://radiocut.fm/audiocut/unsenorcuento-por-alejandro-apo-en-lacasainvita-am750-hoy-el-pensador-de-roberto-fontanarrosa/
2026-10-10 15:35:44,915 [WARNING] Intento 1/3 fallo para https://radiocut.fm/audiocut/unsenorcuento-por-alejandro-apo-en-lacasainvita-am750-hoy-el-sueno-del-idolo-de-fontanarrosa/
2026-10-10 15:35:49,964 [WARNING] Intento 2/3 fallo para https://radiocut.fm/audiocut/unsenorcuento-por-alejandro-apo-en-lacasainvita-am750-hoy-el-sueno-del-idolo-de-fontanarrosa/
2026-10-10 15:35:55,019 [WARNING] Intento 3/3 fallo para https://radiocut.fm/audiocut/unsenorcuento-por-alejandro-apo-en-lacasainvita-am750-hoy-el-sueno-del-idolo-de-fontanarrosa/
2026-10-10 15:35:55,070 [WARNING] Intento 1/3 fallo para https://radiocut.fm/audiocut/unsenorcuento-por-alejandro-apo-en-lacasainvita-am750-hoy-un-dia-de-la-bandera-de-fontanarrosa/
2026-10-10 15:36:00,136 [WARNING] Intento 2/3 fallo para https://radiocut.fm/audiocut/unsenorcuento-por-alejandro-apo-en-lacasainvita-am750-hoy-un-dia-de-la-bandera-de-fontanarrosa/
2026-10-10 15:36:05,195 [WARNING] Intento 3/3 fallo para https://radiocut.fm/audiocut/unsenorcuento-por-alejandro-apo-en-lacasainvita-am750-hoy-un-dia-de-la-bandera-de-fontanarrosa/
2026-10-10 15:36:05,244 [WARNING] Intento 1/3 fallo para https://radiocut.fm/audiocut/unsenorcuento-por-alejandro-apo-en-lacasainvita-por-am750-hoy-al-angulo-superior-derecho-sabin/
2026-10-10 15:36:10,293 [WARNING] Intento 2/3 fallo para https://radiocut.fm/audiocut/unsenorcuento-por-alejandro-apo-en-lacasainvita-por-am750-hoy-al-angulo-superior-derecho-sabin/
2026-10-10 15:36:15,349 [WARNING] Intento 3/3 fallo para https://radiocut.fm/audiocut/unsenorcuento-por-alejandro-apo-en-lacasainvita-por-am750-hoy-al-angulo-superior-derecho-sabin/
2026-10-10 15:36:15,403 [WARNING] Intento 1/3 fallo para https://radiocut.fm/audiocut/unsenorcuento-por-alejandro-apo-en-lacasainvita-por-am750-hoy-el-album-de-hector-sanchez/
2026-10-10 15:36:20,450 [WARNING] Intento 2/3 fallo para https://radiocut.fm/audiocut/unsenorcuento-por-alejandro-apo-en-lacasainvita-por-am750-hoy-el-album-de-hector-sanchez/
2026-10-10 15:36:25,494 [WARNING] Intento 3/3 fallo para https://radiocut.fm/audiocut/unsenorcuento-por-alejandro-apo-en-lacasainvita-por-am750-hoy-el-album-de-hector-sanchez/
2026-10-10 15:36:25,551 [WARNING] Intento 1/3 fallo para https://radiocut.fm/audiocut/unsenorcuento-por-alejandro-apo-en-lacasainvita-por-am750-hoy-el-muerto-de-jorge-luis-borges/
2026-10-10 15:36:30,605 [WARNING] Intento 2/3 fallo para https://radiocut.fm/audiocut/unsenorcuento-por-alejandro-apo-en-lacasainvita-por-am750-hoy-el-muerto-de-jorge-luis-borges/
2026-10-10 15:36:35,653 [WARNING] Intento 3/3 fallo para https://radiocut.fm/audiocut/unsenorcuento-por-alejandro-apo-en-lacasainvita-por-am750-hoy-el-muerto-de-jorge-luis-borges/
2026-10-10 15:36:35,712 [WARNING] Intento 1/3 fallo para https://radiocut.fm/audiocut/unsenorcuento-por-alejandro-apo-en-lacasainvita-por-am750-hoy-el-rulo-y-la-muerte-de-sacheri/
2026-10-10 15:36:40,775 [WARNING] Intento 2/3 fallo para https://radiocut.fm/audiocut/unsenorcuento-por-alejandro-apo-en-lacasainvita-por-am750-hoy-el-rulo-y-la-muerte-de-sacheri/
2026-10-10 15:36:45,840 [WARNING] Intento 3/3 fallo para https://radiocut.fm/audiocut/unsenorcuento-por-alejandro-apo-en-lacasainvita-por-am750-hoy-el-rulo-y-la-muerte-de-sacheri/
2026-10-10 15:36:45,916 [WARNING] Intento 1/3 fallo para https://radiocut.fm/audiocut/unsenorcuento-por-alejandro-apo-en-lacasainvita-por-am750-hoy-lacus-vendelinus-de-fontanarrosa-1/
2026-10-10 15:36:50,962 [WARNING] Intento 2/3 fallo para https://radiocut.fm/audiocut/unsenorcuento-por-alejandro-apo-en-lacasainvita-por-am750-hoy-lacus-vendelinus-de-fontanarrosa-1/
2026-10-10 15:36:56,016 [WARNING] Intento 3/3 fallo para https://radiocut.fm/audiocut/unsenorcuento-por-alejandro-apo-en-lacasainvita-por-am750-hoy-lacus-vendelinus-de-fontanarrosa-1/
2026-10-10 15:36:56,089 [WARNING] Intento 1/3 fallo para https://radiocut.fm/audiocut/unsenorcuento-por-alejandro-apo-en-lacasainvita-por-am750-hoy-lacus-vendelinus-de-fontanarrosa/
2026-10-10 15:37:01,143 [WARNING] Intento 2/3 fallo para https://radiocut.fm/audiocut/unsenorcuento-por-alejandro-apo-en-lacasainvita-por-am750-hoy-lacus-vendelinus-de-fontanarrosa/
2026-10-10 15:37:06,198 [WARNING] Intento 3/3 fallo para https://radiocut.fm/audiocut/unsenorcuento-por-alejandro-apo-en-lacasainvita-por-am750-hoy-lacus-vendelinus-de-fontanarrosa/
2026-10-10 15:37:06,269 [WARNING] Intento 1/3 fallo para https://radiocut.fm/audiocut/unsenorcuento-por-alejandro-apo-en-lacasainvita-por-am750-hoy-un-hecho-curioso-de-fontanarrosa/
2026-10-10 15:37:11,318 [WARNING] Intento 2/3 fallo para https://radiocut.fm/audiocut/unsenorcuento-por-alejandro-apo-en-lacasainvita-por-am750-hoy-un-hecho-curioso-de-fontanarrosa/
2026-10-10 15:37:16,369 [WARNING] Intento 3/3 fallo para https://radiocut.fm/audiocut/unsenorcuento-por-alejandro-apo-en-lacasainvita-por-am750-hoy-un-hecho-curioso-de-fontanarrosa/
2026-10-10 15:37:16,416 [WARNING] Intento 1/3 fallo para https://radiocut.fm/audiocut/unsenorcuento-por-alejandro-apo-lacasainvita-am750-hoy-felicitaciones-ingeniero-de-daniel-rearte/
2026-10-10 15:37:21,472 [WARNING] Intento 2/3 fallo para https://radiocut.fm/audiocut/unsenorcuento-por-alejandro-apo-lacasainvita-am750-hoy-felicitaciones-ingeniero-de-daniel-rearte/
2026-10-10 15:37:26,516 [WARNING] Intento 3/3 fallo para https://radiocut.fm/audiocut/unsenorcuento-por-alejandro-apo-lacasainvita-am750-hoy-felicitaciones-ingeniero-de-daniel-rearte/
2026-10-10 15:37:26,587 [WARNING] Intento 1/3 fallo para https://radiocut.fm/audiocut/unsenorcuento-por-alejandro-apo-lacasainvita-am750-hoy-que-quieres-tu-de-mi-de-fontanarrosa/
2026-10-10 15:37:31,643 [WARNING] Intento 2/3 fallo para https://radiocut.fm/audiocut/unsenorcuento-por-alejandro-apo-lacasainvita-am750-hoy-que-quieres-tu-de-mi-de-fontanarrosa/
2026-10-10 15:37:36,699 [WARNING] Intento 3/3 fallo para https://radiocut.fm/audiocut/unsenorcuento-por-alejandro-apo-lacasainvita-am750-hoy-que-quieres-tu-de-mi-de-fontanarrosa/
2026-10-10 15:37:36,774 [WARNING] Intento 1/3 fallo para https://radiocut.fm/audiocut/unsenorcuento-por-alejandro-apo-lacasainvita-am750-hoy-te-digo-mas-de-roberto-fontanarrosa/
2026-10-10 15:37:41,818 [WARNING] Intento 2/3 fallo para https://radiocut.fm/audiocut/unsenorcuento-por-alejandro-apo-lacasainvita-am750-hoy-te-digo-mas-de-roberto-fontanarrosa/
2026-10-10 15:37:46,874 [WARNING] Intento 3/3 fallo para https://radiocut.fm/audiocut/unsenorcuento-por-alejandro-apo-lacasainvita-am750-hoy-te-digo-mas-de-roberto-fontanarrosa/
2026-10-10 15:37:46,931 [WARNING] Intento 1/3 fallo para https://radiocut.fm/audiocut/unsenorcuento-por-alejandroapo-en-lacasainvita-por-am750-hoy-roberto-fontanarrosa/
2026-10-10 15:37:51,986 [WARNING] Intento 2/3 fallo para https://radiocut.fm/audiocut/unsenorcuento-por-alejandroapo-en-lacasainvita-por-am750-hoy-roberto-fontanarrosa/
2026-10-10 15:37:57,064 [WARNING] Intento 3/3 fallo para https://radiocut.fm/audiocut/unsenorcuento-por-alejandroapo-en-lacasainvita-por-am750-hoy-roberto-fontanarrosa/
2026-10-10 15:37:57,108 [WARNING] Intento 1/3 fallo para https://radiocut.fm/audiocut/unsenorcuento-por-alejandroapo-en-lacasainvita-por-radioam750-hoy-alejandro-dolina/
2026-10-10 15:38:02,158 [WARNING] Intento 2/3 fallo para https://radiocut.fm/audiocut/unsenorcuento-por-alejandroapo-en-lacasainvita-por-radioam750-hoy-alejandro-dolina/
2026-10-10 15:38:07,266 [WARNING] Intento 3/3 fallo para https://radiocut.fm/audiocut/unsenorcuento-por-alejandroapo-en-lacasainvita-por-radioam750-hoy-alejandro-dolina/
2026-10-10 15:38:07,323 [WARNING] Intento 1/3 fallo para https://radiocut.fm/audiocut/unsenorcuento-por-alejandroapo-en-lacasainvitaam750-hoy-alejandro-dolina/
2026-10-10 15:38:12,369 [WARNING] Intento 2/3 fallo para https://radiocut.fm/audiocut/unsenorcuento-por-alejandroapo-en-lacasainvitaam750-hoy-alejandro-dolina/
2026-10-10 15:38:17,419 [WARNING] Intento 3/3 fallo para https://radiocut.fm/audiocut/unsenorcuento-por-alejandroapo-en-lacasainvitaam750-hoy-alejandro-dolina/
2026-10-10 15:38:17,476 [WARNING] Intento 1/3 fallo para https://radiocut.fm/audiocut/unsenorcuento-por-alejandroapo-en-lacasainvitaam750-hoy-eduardo-galeano/
2026-10-10 15:38:22,533 [WARNING] Intento 2/3 fallo para https://radiocut.fm/audiocut/unsenorcuento-por-alejandroapo-en-lacasainvitaam750-hoy-eduardo-galeano/
2026-10-10 15:38:27,614 [WARNING] Intento 3/3 fallo para https://radiocut.fm/audiocut/unsenorcuento-por-alejandroapo-en-lacasainvitaam750-hoy-eduardo-galeano/
2026-10-10 15:38:27,665 [WARNING] Intento 1/3 fallo para https://radiocut.fm/audiocut/unsenorcuento-por-alejandroapo-en-lacasainvitaam750-hoy-eduardo-sacheri-1/
2026-10-10 15:38:32,726 [WARNING] Intento 2/3 fallo para https://radiocut.fm/audiocut/unsenorcuento-por-alejandroapo-en-lacasainvitaam750-hoy-eduardo-sacheri-1/
2026-10-10 15:38:37,773 [WARNING] Intento 3/3 fallo para https://radiocut.fm/audiocut/unsenorcuento-por-alejandroapo-en-lacasainvitaam750-hoy-eduardo-sacheri-1/
2026-10-10 15:38:37,827 [WARNING] Intento 1/3 fallo para https://radiocut.fm/audiocut/unsenorcuento-por-alejandroapo-en-lacasainvitaam750-hoy-gabriel-garcia-marquez-1/
2026-10-10 15:38:42,882 [WARNING] Intento 2/3 fallo para https://radiocut.fm/audiocut/unsenorcuento-por-alejandroapo-en-lacasainvitaam750-hoy-gabriel-garcia-marquez-1/
2026-10-10 15:38:47,929 [WARNING] Intento 3/3 fallo para https://radiocut.fm/audiocut/unsenorcuento-por-alejandroapo-en-lacasainvitaam750-hoy-gabriel-garcia-marquez-1/
2026-10-10 15:38:48,006 [WARNING] Intento 1/3 fallo para https://radiocut.fm/audiocut/unsenorcuento-por-alejandroapo-en-lacasainvitaam750-hoy-jorge-luis-borges-1/
2026-10-10 15:38:53,060 [WARNING] Intento 2/3 fallo para https://radiocut.fm/audiocut/unsenorcuento-por-alejandroapo-en-lacasainvitaam750-hoy-jorge-luis-borges-1/
2026-10-10 15:38:58,107 [WARNING] Intento 3/3 fallo para https://radiocut.fm/audiocut/unsenorcuento-por-alejandroapo-en-lacasainvitaam750-hoy-jorge-luis-borges-1/
2026-10-10 15:38:58,169 [WARNING] Intento 1/3 fallo para https://radiocut.fm/audiocut/unsenorcuento-por-alejandroapo-en-lacasainvitaam750-hoy-la-decadencia-de-la-amistad-dolina/
2026-10-10 15:39:03,229 [WARNING] Intento 2/3 fallo para https://radiocut.fm/audiocut/unsenorcuento-por-alejandroapo-en-lacasainvitaam750-hoy-la-decadencia-de-la-amistad-dolina/
2026-10-10 15:39:08,282 [WARNING] Intento 3/3 fallo para https://radiocut.fm/audiocut/unsenorcuento-por-alejandroapo-en-lacasainvitaam750-hoy-la-decadencia-de-la-amistad-dolina/
2026-10-10 15:39:08,332 [WARNING] Intento 1/3 fallo para https://radiocut.fm/audiocut/unsenorcuento-por-alejandroapo-en-lacasainvitaam750-hoy-mempo-giardinelli/
2026-10-10 15:39:13,383 [WARNING] Intento 2/3 fallo para https://radiocut.fm/audiocut/unsenorcuento-por-alejandroapo-en-lacasainvitaam750-hoy-mempo-giardinelli/
2026-10-10 15:39:18,430 [WARNING] Intento 3/3 fallo para https://radiocut.fm/audiocut/unsenorcuento-por-alejandroapo-en-lacasainvitaam750-hoy-mempo-giardinelli/
2026-10-10 15:39:18,495 [WARNING] Intento 1/3 fallo para https://radiocut.fm/audiocut/unsenorcuento-por-alejandroapo-en-lacasainvitaam750-hoy-roberto-fontanarrosa-1/
2026-10-10 15:39:23,554 [WARNING] Intento 2/3 fallo para https://radiocut.fm/audiocut/unsenorcuento-por-alejandroapo-en-lacasainvitaam750-hoy-roberto-fontanarrosa-1/
2026-10-10 15:39:28,635 [WARNING] Intento 3/3 fallo para https://radiocut.fm/audiocut/unsenorcuento-por-alejandroapo-en-lacasainvitaam750-hoy-roberto-fontanarrosa-1/
2026-10-10 15:39:28,697 [WARNING] Intento 1/3 fallo para https://radiocut.fm/audiocut/unsenorcuento-por-alejandroapo-en-lacasainvitaam750-hoy-roberto-fontanarrosa-3/
2026-10-10 15:39:33,758 [WARNING] Intento 2/3 fallo para https://radiocut.fm/audiocut/unsenorcuento-por-alejandroapo-en-lacasainvitaam750-hoy-roberto-fontanarrosa-3/
2026-10-10 15:39:38,808 [WARNING] Intento 3/3 fallo para https://radiocut.fm/audiocut/unsenorcuento-por-alejandroapo-en-lacasainvitaam750-hoy-roberto-fontanarrosa-3/
2026-10-10 15:39:38,877 [WARNING] Intento 1/3 fallo para https://radiocut.fm/audiocut/unsenorcuento-por-alejandroapo-en-lacasainvitaam750-hoy-roberto-fontanarrosa-4/
2026-10-10 15:39:43,939 [WARNING] Intento 2/3 fallo para https://radiocut.fm/audiocut/unsenorcuento-por-alejandroapo-en-lacasainvitaam750-hoy-roberto-fontanarrosa-4/
2026-10-10 15:39:49,011 [WARNING] Intento 3/3 fallo para https://radiocut.fm/audiocut/unsenorcuento-por-alejandroapo-en-lacasainvitaam750-hoy-roberto-fontanarrosa-4/
2026-10-10 15:39:49,056 [WARNING] Intento 1/3 fallo para https://radiocut.fm/audiocut/unsenorcuento-por-alejandroapo-en-lacasainvitaam750-hoy-roberto-fontanarrosa-5/
2026-10-10 15:39:54,110 [WARNING] Intento 2/3 fallo para https://radiocut.fm/audiocut/unsenorcuento-por-alejandroapo-en-lacasainvitaam750-hoy-roberto-fontanarrosa-5/
2026-10-10 15:39:59,159 [WARNING] Intento 3/3 fallo para https://radiocut.fm/audiocut/unsenorcuento-por-alejandroapo-en-lacasainvitaam750-hoy-roberto-fontanarrosa-5/
2026-10-10 15:39:59,213 [WARNING] Intento 1/3 fallo para https://radiocut.fm/audiocut/unsenorcuento-por-alejandroapo-en-lacasainvitaam750-hoy-roberto-fontanarrosa-6/
2026-10-10 15:40:04,260 [WARNING] Intento 2/3 fallo para https://radiocut.fm/audiocut/unsenorcuento-por-alejandroapo-en-lacasainvitaam750-hoy-roberto-fontanarrosa-6/
2026-10-10 15:40:09,315 [WARNING] Intento 3/3 fallo para https://radiocut.fm/audiocut/unsenorcuento-por-alejandroapo-en-lacasainvitaam750-hoy-roberto-fontanarrosa-6/
2026-10-10 15:40:09,359 [WARNING] Intento 1/3 fallo para https://radiocut.fm/audiocut/unsenorcuento-por-alejandroapo-en-lacasainvitaam750-hoy-roberto-fontanarrosa-7/
2026-10-10 15:40:14,408 [WARNING] Intento 2/3 fallo para https://radiocut.fm/audiocut/unsenorcuento-por-alejandroapo-en-lacasainvitaam750-hoy-roberto-fontanarrosa-7/
2026-10-10 15:40:19,460 [WARNING] Intento 3/3 fallo para https://radiocut.fm/audiocut/unsenorcuento-por-alejandroapo-en-lacasainvitaam750-hoy-roberto-fontanarrosa-7/
2026-10-10 15:40:19,516 [WARNING] Intento 1/3 fallo para https://radiocut.fm/audiocut/unsenorcuento-por-alejandroapo-en-lacasainvitaam750-hoy-roberto-fontanarrosa-8/
2026-10-10 15:40:24,579 [WARNING] Intento 2/3 fallo para https://radiocut.fm/audiocut/unsenorcuento-por-alejandroapo-en-lacasainvitaam750-hoy-roberto-fontanarrosa-8/
2026-10-10 15:40:29,622 [WARNING] Intento 3/3 fallo para https://radiocut.fm/audiocut/unsenorcuento-por-alejandroapo-en-lacasainvitaam750-hoy-roberto-fontanarrosa-8/
2026-10-10 15:40:29,670 [WARNING] Intento 1/3 fallo para https://radiocut.fm/audiocut/unsenorcuento-por-alejandroapo-en-lacasainvitaam750-hoy-rodolfo-braceli-diadelhinchaderiver/
2026-10-10 15:40:34,733 [WARNING] Intento 2/3 fallo para https://radiocut.fm/audiocut/unsenorcuento-por-alejandroapo-en-lacasainvitaam750-hoy-rodolfo-braceli-diadelhinchaderiver/
2026-10-10 15:40:39,809 [WARNING] Intento 3/3 fallo para https://radiocut.fm/audiocut/unsenorcuento-por-alejandroapo-en-lacasainvitaam750-hoy-rodolfo-braceli-diadelhinchaderiver/
2026-10-10 15:40:39,855 [WARNING] Intento 1/3 fallo para https://radiocut.fm/audiocut/unsenorcuento-por-alejandroapo-en-lacasainvitaam750-hoy-rodolfo-braceli/
2026-10-10 15:40:44,908 [WARNING] Intento 2/3 fallo para https://radiocut.fm/audiocut/unsenorcuento-por-alejandroapo-en-lacasainvitaam750-hoy-rodolfo-braceli/
2026-10-10 15:40:49,953 [WARNING] Intento 3/3 fallo para https://radiocut.fm/audiocut/unsenorcuento-por-alejandroapo-en-lacasainvitaam750-hoy-rodolfo-braceli/
2026-10-10 15:40:50,005 [WARNING] Intento 1/3 fallo para https://radiocut.fm/audiocut/unsenorcuento-por-alejandroapo-en-lacasainvitaam750-hoy-ultimo-hombre-de-eduardo-sacheri/
2026-10-10 15:40:55,066 [WARNING] Intento 2/3 fallo para https://radiocut.fm/audiocut/unsenorcuento-por-alejandroapo-en-lacasainvitaam750-hoy-ultimo-hombre-de-eduardo-sacheri/
2026-10-10 15:41:00,114 [WARNING] Intento 3/3 fallo para https://radiocut.fm/audiocut/unsenorcuento-por-alejandroapo-en-lacasainvitaam750-hoy-ultimo-hombre-de-eduardo-sacheri/
2026-10-10 15:41:00,164 [WARNING] Intento 1/3 fallo para https://radiocut.fm/audiocut/unsenorcuento-por-am750-hoy-confesion-de-amor-en-la-parada-del-93-de-eduardo-sacheri/
2026-10-10 15:41:05,222 [WARNING] Intento 2/3 fallo para https://radiocut.fm/audiocut/unsenorcuento-por-am750-hoy-confesion-de-amor-en-la-parada-del-93-de-eduardo-sacheri/
2026-10-10 15:41:10,271 [WARNING] Intento 3/3 fallo para https://radiocut.fm/audiocut/unsenorcuento-por-am750-hoy-confesion-de-amor-en-la-parada-del-93-de-eduardo-sacheri/
2026-10-10 15:41:10,318 [WARNING] Intento 1/3 fallo para https://radiocut.fm/audiocut/unsenorcuento-por-apo-en-lacasainvita-am750-hoy-me-van-a-tener-que-disculpar-de-eduardo-sacheri/
2026-10-10 15:41:15,370 [WARNING] Intento 2/3 fallo para https://radiocut.fm/audiocut/unsenorcuento-por-apo-en-lacasainvita-am750-hoy-me-van-a-tener-que-disculpar-de-eduardo-sacheri/
2026-10-10 15:41:20,425 [WARNING] Intento 3/3 fallo para https://radiocut.fm/audiocut/unsenorcuento-por-apo-en-lacasainvita-am750-hoy-me-van-a-tener-que-disculpar-de-eduardo-sacheri/
2026-10-10 15:41:20,483 [WARNING] Intento 1/3 fallo para https://radiocut.fm/audiocut/victor-hugo-morales-mano-a-mano-con-alejandro-apo-en-tengomiedo/
2026-10-10 15:41:25,528 [WARNING] Intento 2/3 fallo para https://radiocut.fm/audiocut/victor-hugo-morales-mano-a-mano-con-alejandro-apo-en-tengomiedo/
2026-10-10 15:41:30,586 [WARNING] Intento 3/3 fallo para https://radiocut.fm/audiocut/victor-hugo-morales-mano-a-mano-con-alejandro-apo-en-tengomiedo/
2026-10-10 15:41:30,634 [WARNING] Intento 1/3 fallo para https://radiocut.fm/audiocut/viejo-con-arbol-6-charla-con-alejandro-apo-1era-parte/
2026-10-10 15:41:35,693 [WARNING] Intento 2/3 fallo para https://radiocut.fm/audiocut/viejo-con-arbol-6-charla-con-alejandro-apo-1era-parte/
2026-10-10 15:41:40,740 [WARNING] Intento 3/3 fallo para https://radiocut.fm/audiocut/viejo-con-arbol-6-charla-con-alejandro-apo-1era-parte/
2026-10-10 15:41:40,792 [WARNING] Intento 1/3 fallo para https://radiocut.fm/audiocut/yo-ustedes-y-yo-dalmiro-saenz-setenta-veces-siete-alejandro-apo-un-senor-cuento/
2026-10-10 15:41:45,849 [WARNING] Intento 2/3 fallo para https://radiocut.fm/audiocut/yo-ustedes-y-yo-dalmiro-saenz-setenta-veces-siete-alejandro-apo-un-senor-cuento/
2026-10-10 15:41:50,894 [WARNING] Intento 3/3 fallo para https://radiocut.fm/audiocut/yo-ustedes-y-yo-dalmiro-saenz-setenta-veces-siete-alejandro-apo-un-senor-cuento/
2026-10-10 15:41:50,894 [INFO] Leyendo feed Anchor.fm: https://anchor.fm/s/612a6550/podcast/rss
2026-10-10 15:41:51,013 [INFO] Feed Anchor.fm: 50 items encontrados
2026-10-10 15:41:51,014 [INFO]   OK Anchor.fm: La noche de Mantequilla, de Julio Cortázar
2026-10-10 15:41:51,215 [INFO]   OK Anchor.fm: La fruta en el fondo del tazón, de Ray Bradbury
2026-10-10 15:41:51,415 [INFO]   OK Anchor.fm: Un agujero esconde una casa, de Agustina Bazterrica
2026-10-10 15:41:51,616 [INFO]   OK Anchor.fm: Un verano italiano, de Eduardo Sacheri
2026-10-10 15:41:51,816 [INFO]   OK Anchor.fm: Un día de la bandera, de Roberto Fontanarrosa
2026-10-10 15:41:52,017 [INFO]   OK Anchor.fm: La música de los domingos, de Liliana Heker
2026-10-10 15:41:52,217 [INFO]   OK Anchor.fm: Silencio, de Edgar Allan Poe
2026-10-10 15:41:52,418 [INFO]   OK Anchor.fm: Pájaros en la boca de Samanta Schweblin
2026-10-10 15:41:52,618 [INFO]   OK Anchor.fm: Las puertas del cielo, de Julio Cortázar
2026-10-10 15:41:52,819 [INFO]   OK Anchor.fm: Las tres noches de Isaias Blum, de Rodolfo Walsh
2026-10-10 15:41:53,020 [INFO]   OK Anchor.fm: La promesa, de Eric Nepomuceno
2026-10-10 15:41:53,220 [INFO]   OK Anchor.fm: La muerte y la doncella, de Ray Bradbury
2026-10-10 15:41:53,420 [INFO]   OK Anchor.fm: La guerra de Malvinas, de Patricia Suárez
2026-10-10 15:41:53,621 [INFO]   OK Anchor.fm: Silencio, de Clarice Lispector
2026-10-10 15:41:53,821 [INFO]   OK Anchor.fm: Los tres anillos de Giovanni Boccaccio
2026-10-10 15:41:54,022 [INFO]   OK Anchor.fm: Amor en el Parque Rivadavia de Roberto Arlt
2026-10-10 15:41:54,223 [INFO]   OK Anchor.fm: Casa Tomada de Julio Cortázar
2026-10-10 15:41:54,423 [INFO]   OK Anchor.fm: El fin de Jorge Luis Borges
2026-10-10 15:41:54,624 [INFO]   OK Anchor.fm: Todo el verano en un día de Ray Bradbury
2026-10-10 15:41:54,824 [INFO]   OK Anchor.fm: Sennin, de Ryunosuke Akutagawa
2026-10-10 15:41:55,025 [INFO]   OK Anchor.fm: El primer beso de Clarice Lispector
2026-10-10 15:41:55,225 [INFO]   OK Anchor.fm: La santa, de Gabriel García Márquez
2026-10-10 15:41:55,426 [INFO]   OK Anchor.fm: Las doce a bragado de Haroldo Conti
2026-10-10 15:41:55,626 [INFO]   OK Anchor.fm: La soga de Silvina Ocampo
2026-10-10 15:41:55,827 [INFO]   OK Anchor.fm: La última batalla, de Gervasio Noailles
2026-10-10 15:41:56,027 [INFO]   OK Anchor.fm: La madre de Ernesto de Abelardo Castillo
2026-10-10 15:41:56,228 [INFO]   OK Anchor.fm: Conversación con el borracho, de Franz Kafka
2026-10-10 15:41:56,428 [INFO]   OK Anchor.fm: La loca y el relato del crimen de Ricardo Piglia
2026-10-10 15:41:56,629 [INFO]   OK Anchor.fm: Mi amigo Mickey de Roberto Fontanarrosa
2026-10-10 15:41:56,829 [INFO]   OK Anchor.fm: Felicidad clandestina de Clarice Lispector
2026-10-10 15:41:57,030 [INFO]   OK Anchor.fm: La intrusa de Jorge Luis Borges
2026-10-10 15:41:57,230 [INFO]   OK Anchor.fm: Lejana de Julio Cortázar
2026-10-10 15:41:57,431 [INFO]   OK Anchor.fm: Los nueve minutos de Claudia, de Dalmiro Sáenz
2026-10-10 15:41:57,631 [INFO]   OK Anchor.fm: El miedo de Guy de Maupassant
2026-10-10 15:41:57,832 [INFO]   OK Anchor.fm: La muerte de Mario Benedetti
2026-10-10 15:41:58,033 [INFO]   OK Anchor.fm: Otoño del 53, de Osvaldo Soriano
2026-10-10 15:41:58,234 [INFO]   OK Anchor.fm: La gambeta más larga del mundo, de Pedro Saborido
2026-10-10 15:41:58,434 [INFO]   OK Anchor.fm: Remedio para melancólicos de Ray Bradbury
2026-10-10 15:41:58,635 [INFO]   OK Anchor.fm: El romance del aniceto de Zuhair Jury
2026-10-10 15:41:58,835 [INFO]   OK Anchor.fm: Barbosa, el hombre que murió dos veces de Juan Villoro
2026-10-10 15:41:59,036 [INFO]   OK Anchor.fm: Vidrios rotos de Osvaldo Soriano
2026-10-10 15:41:59,236 [INFO]   OK Anchor.fm: Encuentro nocturno de Ray Bradbury
2026-10-10 15:41:59,437 [INFO]   OK Anchor.fm: Tierna es la noche de Ricardo Piglia
2026-10-10 15:41:59,638 [INFO]   OK Anchor.fm: Instrucciones para buscar aventuras de Alejandro Dolina
2026-10-10 15:41:59,839 [INFO]   OK Anchor.fm: Almendros de Antonio Dal Masetto
2026-10-10 15:42:00,039 [INFO]   OK Anchor.fm: Cielo de los argentinos de Roberto Fontanarrosa
2026-10-10 15:42:00,240 [INFO]   OK Anchor.fm: La fiesta ajena de Liliana Heker
2026-10-10 15:42:00,440 [INFO]   OK Anchor.fm: Un señor muy viejo y con unas alas enormes de Gabriel Garcia Márquez
2026-10-10 15:42:00,641 [INFO]   OK Anchor.fm: Un hombre sin suerte de Samanta Schweblin
2026-10-10 15:42:00,841 [INFO]   OK Anchor.fm: La trampa, de Rodolfo Walsh
2026-10-10 15:42:01,042 [INFO] Sin episodios nuevos.
2026-10-10 15:42:01,042 [INFO] === Fin ===
